sy_snum,sy_pnum,pl_orbper,pl_orbsmax,pl_orbeccen,pl_rade,pl_bmasse,pl_insol,pl_eqt,ttv_flag,st_teff,st_rad,st_mass,st_met,st_logg,sy_dist,sy_vmag,sy_kmag,sy_gaiamag,hostname
1.0,3.0,14.101361,,,2.64809498,,,,0.0,5185.0,0.803827,0.834847,-0.05,4.46,134.591,11.332,9.536,11.3272,K2-165
,,12.0077462,,,,,115.384,913.0,,4990.7,,,,,,,,,1947.01
,,54.4099612,,,1.56,,16.35,513.0,,5746.0,1.133,,,4.309,,13.852,,,K02943.01
,,12.3750537,,,17.1909846,,592.6032964,1258.376981,,6173.5,2.36235,,,3.76326,,,,,2424.01
,,6.58454,,,,,1274.11,1664.0,,8829.0,,,,3.91,,,,,879.01
,,6.399107136,,,59.15,,266.9,1031.0,,6133.0,0.935,,,4.435,,13.718,,,K03512.01
,,37.3033197,,,2.31,,14.0,493.0,,5646.0,0.817,,,4.55,,15.527,,,K02967.01
,,3.855603916,,,13.61,,508.65,1212.0,,6033.0,1.046,,,4.46,,15.272,,,K00931.01
,,14.443127448,,,92.28,,462.07,1182.0,,5757.0,2.736,,,3.672,,12.732,,,K07150.01
1.0,1.0,5.817685,0.0642,,12.14,,,1098.0,0.0,5660.0,1.24,1.04,0.27,4.27,635.722,13.744,11.949,13.5039,K2-113
,,21.96401646,,,2.57,,40.41,643.0,,5774.0,0.958,,,4.447,,15.378,,,K01970.01
,,4.01668015,,,22.11,,252.13,1016.0,,5448.0,0.794,,,4.497,,15.371,,,K06332.01
,,16.6828999,,,17.1854,,15.2595,550.0,,6423.0,2.63,,,3.74,,,,,1479.01
,,12.41216347,,,2.58,,90.65,787.0,,5561.0,1.06,,,4.362,,15.843,,,K00934.02
,,2.994263,,,11.5655979,,619.5809037,1272.4603411,,4784.0,3.22859,,,,,,,,2337.01
,,1.221204888,,,1.1,,2334.4,1772.0,,5874.0,0.997,,,4.378,,14.135,,,K01625.01
,,2.633852528,,,1.38,,387.43,1131.0,,5114.0,0.878,,,4.463,,15.173,,,K01305.01
1.0,4.0,26.5841,0.1346,,1.73,,1.8,296.0,0.0,3655.0,0.455,0.461,,,75.1703,14.073,10.279,13.3245,K2-133
,,2.882424694,,,399.44,,17023.71,2912.0,,4705.0,8.058,,,2.667,,12.812,,,K03781.01
,,5.60013327,,,1.73,,194.26,952.0,,5288.0,0.978,,,4.391,,15.378,,,K02327.01
,,4.13812,,,,,613.964,1386.0,,4898.4,,,,,,,,,1118.01
,,1.112207126,,,0.73,,2467.09,1797.0,,6046.0,0.972,,,4.486,,13.823,,,K02665.01
,,61.438007,,,14.79,,255.93,1020.0,,5080.0,8.527,,,2.967,,13.213,,,K04983.01
,,155.046089,,,444.08,,347.12,1101.0,,6513.0,12.613,,,2.782,,12.649,,,K05052.01
,,6.104849417,,,3.18,,89.25,784.0,,5085.0,0.712,,,4.584,,15.017,,,K00940.01
,,8.12999858,,,2.04,,277.89,1041.0,,5611.0,1.4,,,4.144,,12.848,,,K00291.02
,,13.97945055,,,1.97,,38.44,635.0,,5191.0,0.826,,,4.53,,14.122,,,K01831.04
,,1.2833113,,,9.39506,,3343.46,2118.0,,8055.0,1.32,,,4.49,,,,,5576.01
,,52.5008645,,,12.41,,102.94,812.0,,4976.0,4.157,,,3.331,,12.183,,,K01299.01
,,3.2887898,,,10.5135877,,759.3373533,1338.8392647,,5800.0,1.24175,,,4.28004,,,,,114.01
,,1.9734615,,,16.6678,,17275.6,3193.0,,7962.9,3.62,,,3.6,,,,,1596.01
,,8.098754149,,,123.02,,452.03,1176.0,,6328.0,1.45,,,4.16,,11.587,,,K07349.01
1.0,1.0,3.48456408,0.0287,0.428,3.44,24.5,9.91,494.0,0.0,3207.0,0.2932,0.2634,0.15,4.944,44.9565,16.21,10.444,14.3817,K2-25
,,,,,11.625865,,49.504685,676.5210666,,5635.75,1.43565,,,4.12397,,,,,2317.01
,,49.41121127,,,6.77,,14.48,497.0,,5768.0,1.015,,,4.434,,15.0,,,K00523.01
,,0.53633519,,,1.81,,3603.58,1974.0,,5508.0,0.84,,,4.569,,15.546,,,K03059.01
,,1.805376,,,12.0157766,,535.3422852,1226.8109303,,5090.0,0.820538,,,4.54,,,,,3595.01
,,379.11996,,,2.74,,0.57,221.0,,5546.0,0.81,,,4.575,,15.496,,,K07124.02
,,26.0203329,,,4.53,,49.09,675.0,,5624.0,1.244,,,4.218,,15.889,,,K02280.01
,,3.29276797,,,1.39,,1068.95,1458.0,,5683.0,1.472,,,4.108,,12.727,,,K01929.02
,,85.338393,,,11.4,,71.36,741.0,,4850.0,4.696,,,3.134,,12.881,,,K07896.01
,,15.4032765,,,1.32,,36.41,626.0,,5272.0,0.799,,,4.508,,15.555,,,K05768.01
,,0.9337473,,,0.6,,1652.84,1625.0,,5649.0,0.741,,,4.606,,15.759,,,K07614.01
,,15.07277287,,,1.73,,38.57,635.0,,5521.0,0.771,,,4.594,,14.269,,,K04668.01
,,0.537110149,,,32.19,,24545.75,3195.0,,5395.0,2.537,,,3.739,,13.078,,,K04165.01
,,14.4751062,,,8.6976173,,6.5402175,407.866275,,3841.0,0.55035,,,4.69364,,,,,1278.01
,,2.8867624,,,1.24,,22.75,557.0,,3483.0,0.389,,,4.875,,14.717,,,K02705.01
,,9.69501146,,,2.08,,114.06,833.0,,5896.0,0.914,,,4.516,,15.809,,,K01593.01
1.0,1.0,0.728113,,,1.1,,,,0.0,3782.0,0.32,,-0.18,5.0,150.124,16.77,12.02,15.4185,EPIC 228836835
,,29.6193891,,,1.74,,26.79,580.0,,5618.0,0.996,,,4.401,,13.331,,,K01218.01
,,1.442592305,,,2.67,,12557.23,2700.0,,7216.0,2.043,,,3.983,,11.558,,,K02276.01
,,2.71603664,,,1.05,,807.43,1360.0,,6011.0,1.041,,,4.452,,14.801,,,K04360.01
,,1.922862476,,,70.65,,2631.95,1827.0,,6408.0,1.303,,,4.246,,15.925,,,K03629.01
,,52.5637056,,,3.28372,,14.3711,542.0,,5625.56,0.97,,,4.46798,,,,,1471.02
,,11.6332127,,,10.264,,126.951,935.0,,5287.7,1.73,,,3.88,,,,,685.01
,,4.16811839,,,2.28,,628.73,1277.0,,5689.0,1.313,,,4.202,,14.801,,,K01339.01
,,70.468171,,,3.46,,16.17,511.0,,6461.0,1.131,,,4.396,,14.811,,,K01685.01
,,2.31610674,,,0.7,,1393.98,1559.0,,6025.0,1.193,,,4.3,,13.608,,,K06871.01
,,4.93913074,,,24.03,,461.47,1182.0,,5956.0,1.17,,,4.324,,14.832,,,K01605.01
,,0.980505042,,,26.35,,3100.61,1904.0,,5794.0,1.059,,,4.372,,15.198,,,K04299.01
,,531.33282,,,2.67,,0.77,239.0,,6163.0,1.022,,,4.457,,15.191,,,K05201.01
,,11.5509742,,,11.0252,,56.355,763.0,,5625.0,1.06,,,4.49092,,,,,826.01
,,3.17323012,,,0.88,,112.21,830.0,,4500.0,0.633,,,4.632,,14.993,,,K02466.01
,,1.231363214,,,10.75,,1973.12,1699.0,,5780.0,1.0,,,4.438,,17.661,,,K04118.01
,,26.737139497,,,29.28,,43.59,655.0,,5794.0,1.155,,,4.317,,12.688,,,K05093.01
,,3.016182013,,,2.25,,1044.49,1449.0,,5611.0,1.4,,,4.144,,14.878,,,K01369.01
,,12.36564669,,,24.89,,98.51,804.0,,6075.0,0.952,,,4.495,,14.59,,,K01600.01
1.0,2.0,5.444017,0.0492,,2.06,,,537.0,0.0,3778.0,0.51,0.54,-0.05,4.75,101.632,14.639,10.589,13.8012,K2-117
,,4.15246118,,,7.62,,3354.56,1941.0,,4941.0,4.885,,,3.317,,14.604,,,K01108.03
,,30.47639859,,,43.01,,20.39,542.0,,5913.0,0.787,,,4.585,,14.84,,,K03362.01
,,8.0635,,,24.3071,,621.088,1390.0,,5657.0,1.71,,,3.97,,,,,360.01
,,9.705693,,,2.07,,237.46,1001.0,,5808.0,1.385,,,4.178,,14.93,,,K03127.01
,,4.409409243,,,10.95,,347.06,1101.0,,5600.0,0.975,,,4.368,,15.403,,,K00895.01
,,0.789171236,,,0.69,,1291.41,1527.0,,4776.0,0.811,,,4.516,,15.352,,,K07768.01
1.0,1.0,5.628466,,,2.68657205,,,,0.0,5250.0,1.717458,0.891587,-0.09,3.95,606.128,12.745,10.529,12.4386,K2-171
,,175.13892,,,3.06,,3.39,346.0,,5497.0,1.241,,,4.243,,15.245,,,K04009.01
,,0.532086296,,,16.99,,2417.28,1790.0,,5271.0,0.698,,,4.636,,15.397,,,K02646.01
,,5.93725628,,,0.86,,148.97,891.0,,5428.0,0.799,,,4.494,,14.702,,,K04297.01
,,0.493393859,,,1.4,,1203.14,1505.0,,4474.0,0.614,,,4.67,,15.398,,,K02882.02
,,13.37499553,,,2.01,,57.85,703.0,,5263.0,0.961,,,4.404,,14.738,,,K02451.01
,,24.30784323,,,2.14,,18.87,532.0,,5313.0,0.82,,,4.571,,12.63,,,K00306.01
,,1.33254428,,,0.93,,981.02,1427.0,,5460.0,0.734,,,4.543,,15.84,,,K07967.01
,,0.93378068,,,0.63,,985.2,1427.0,,4938.0,0.753,,,4.601,,15.89,,,K08008.01
,,1.072934147,,,81.42,,9590.04,2523.0,,7031.0,1.523,,,4.222,,13.96,,,K08028.01
,,1.1355457,,,21.5263238,,47965.7,4122.0,,10262.0,7.03693,,,,,,,,4225.01
,,8.99088621,,,2.78,,200.35,960.0,,5881.0,1.171,,,4.315,,13.431,,,K00159.01
,,13.6396648,,,1.1,,62.6,717.0,,5600.0,0.872,,,4.455,,15.204,,,K01278.04
1.0,2.0,28.482786,,,2.57581891,,,,0.0,5712.0,0.906367,0.963364,-0.09,4.55,315.014,12.524,10.876,12.3238,K2-195
,,36.473115046,,,53.1,,11.24,467.0,,5452.0,0.766,,,4.594,,14.359,,,K06791.01
,,27.0779813,,,2.03,,29.98,597.0,,5906.0,0.85,,,4.467,,14.17,,,K05586.01
,,7.053934488,,,2.36,,117.33,840.0,,5357.0,0.863,,,4.498,,13.916,,,K01165.01
,,11.9283194,,,0.98,,37.8,632.0,,5010.0,0.75,,,4.545,,15.577,,,K07910.01
1.0,0.0,1.117027,,,16.9,,,,0.0,,0.27,,,,164.337,16.76,11.735,15.2668,EPIC 213951550
,,12.5722897,,,1.09,,145.82,886.0,,6084.0,1.169,,,4.319,,12.885,,,K02555.01
,,3.7146478,,,15.2308,,698.148,1432.0,,5783.0,1.32,,,4.21,,,,,2579.01
,,0.760019,,,7.2902589,,9667.9228084,2529.0245379,,5690.2,1.65999,,,4.0,,,,,4838.01
,,36.292017,,,3.1,,54.91,694.0,,5843.0,1.615,,,4.069,,15.251,,,K02487.01
,,2.16146908,,,0.95,,1155.45,1487.0,,6047.0,1.013,,,4.422,,15.535,,,K07443.01
,,1.891268461,,,399.93,,153163.32,5047.0,,11287.0,4.662,,,3.642,,10.672,,,K06286.01
,,8.8088443,,,10.7596,,2579.38,1985.0,,8072.0,1.58,,,4.37,,,,,3358.01
,,2.819453322,,,29.8,,803.4,1357.0,,5767.0,1.074,,,4.33,,14.569,,,K01539.01
,,1.574063832,,,28.63,,1622.84,1619.0,,5951.0,0.962,,,4.411,,14.636,,,K06787.01
,,0.909314811,,,0.99,,9311.68,2503.0,,6508.0,1.447,,,4.163,,12.73,,,K04553.01
,,12.5748872,,,1.03,,3.49,349.0,,3552.0,0.387,,,4.867,,14.94,,,K04987.01
,,18.11473813,,,2.49,,112.43,830.0,,6109.0,1.36,,,4.247,,12.841,,,K01532.01
1.0,3.0,3.648103,0.0395,,1.13,1.86,,715.94,0.0,4236.0,0.58,0.62,-0.29,4.719,29.661,10.37,7.193,9.83773,GJ 9827
,,1.023471798,,,3.78,,2103.09,1727.0,,5741.0,0.893,,,4.491,,15.381,,,K01012.01
,,9.80321143,,,2.99,,152.12,896.0,,6170.0,0.992,,,4.472,,15.439,,,K01572.01
,,5.41908491,,,1.38,,225.71,989.0,,5814.0,0.881,,,4.523,,14.271,,,K01436.03
,,12.80758,,,11.4222,,28.4034,643.0,,5094.4,0.63,,,,,,,,1427.01
,,27.6775212,,,23.04,,22.91,558.0,,5797.0,0.828,,,4.563,,13.678,,,K03378.01
,,0.759766456,,,29.02,,4850.1,2128.0,,6174.0,1.026,,,4.455,,15.932,,,K01679.01
,,2.384052875,,,17.06,,244.87,1010.0,,4794.0,0.701,,,4.58,,15.836,,,K00836.01
,,46.50446209,,,,,,,,,,,,,,15.682,,,K05599.01
,,3.74788322,,,1.32,,266.76,1031.0,,5514.0,0.826,,,4.569,,15.817,,,K04475.01
,,245.01902,,,1.98,,2.17,310.0,,6167.0,1.01,,,4.451,,14.881,,,K04201.01
,,0.93376962,,,16.3,,3343.62,1937.0,,6056.0,0.975,,,4.448,,15.318,,,K04547.01
1.0,2.0,2.399964,0.031,0.13,1.32,,211.0,,0.0,4402.71,0.619575,0.701968,,,252.596,14.166,11.423,13.9152,K2-35
,,13.7270395,,,2.95921,,68.9542,802.0,,5777.0,1.09,,,4.38035,,,,,1723.01
,,3.222975318,,,1.47,,558.65,1239.0,,5823.0,0.96,,,4.427,,14.609,,,K01338.01
,,3.9813082,,,2.36323,,986.754,1561.0,,6011.9,1.16,,,4.36,,,,,4602.01
,,16.88954693,,,,,,,,,,,,,,14.736,,,K00594.01
,,4.30438,,,13.7564,,503.88,1319.0,,6056.9,4.82,,,4.17,,,,,988.01
,,1.633107509,,,0.53,,324.97,1083.0,,4579.0,0.684,,,4.596,,12.843,,,K00309.01
,,1.49861,,,,,90202.8,4828.0,,8590.0,,,,4.12,,,,,1309.01
,,4.029803201,,,47.58,,545.64,1233.0,,6024.0,1.078,,,4.385,,16.936,,,K03648.01
,,0.52880817,,,1.84,,37880.12,3558.0,,6224.0,2.368,,,3.815,,13.274,,,K06770.01
,,0.892061734,,,46.75,,2090.54,1724.0,,5561.0,0.855,,,4.512,,13.815,,,K06337.01
,,284.063137,,,6.36,,2.51,321.0,,5791.0,1.336,,,4.185,,13.929,,,K01783.02
,,527.68601,,,2.0,,0.4,203.0,,5657.0,0.824,,,4.567,,15.031,,,K08247.01
1.0,4.0,8.4112,0.0763,0.12,,4.33,,,0.0,5261.0,0.88,0.837,0.04,,47.2899,8.97,7.066,8.76221,HD 3167
1.0,2.0,5.3301,0.0426,,1.2327,,69.529,,0.0,4116.0,0.7,0.808,-0.205,4.656,285.162,15.013,11.86,14.5773,K2-413
,,45.3968385,,,21.23,,8.62,437.0,,5649.0,0.705,,,4.633,,15.024,,,K01859.01
,,3.1442556,,,4.69096,,685.022,1425.0,,5691.0,1.0,,,4.45,,,,,4605.01
,,4.309381978,,,1.89,,390.76,1134.0,,5541.0,1.089,,,4.332,,14.619,,,K00456.02
1.0,0.0,2.612938,,,,,,,0.0,5014.02,4.77742,,0.0857,,556.574,11.0221,8.838,10.7834,EPIC 211839430
1.0,1.0,8.679885,,,2.56948149,,,,0.0,5757.0,1.008231,1.047488,0.25,4.45,394.083,12.92,11.206,12.7137,K2-218
,,9.543584955,,,77.97,,401.55,1141.0,,5537.0,1.785,,,3.837,,12.256,,,K06400.01
,,5.17958,,,14.829,,669.018,1416.0,,6116.0,1.65,,,4.07,,,,,1921.01
,,0.837898153,,,1.26,,1128.57,1478.0,,4748.0,0.797,,,4.526,,15.72,,,K01731.02
,,3.690317047,,,20.23,,634.09,1280.0,,6120.0,1.054,,,4.395,,14.336,,,K01694.01
,,8.63050092,,,1.43,,70.63,739.0,,5352.0,0.764,,,4.599,,15.868,,,K02617.01
3.0,2.0,9.21165,0.0923,0.0,3.06,10.9,,1230.0,0.0,6302.0,1.511,1.194,-0.06,4.23,272.909,11.114,9.42,10.8204,K2-290
,,11.95474513,,,5.15,,159.04,906.0,,5059.0,1.657,,,3.976,,13.594,,,K00650.01
,,498.68845,,,2.44,,0.87,246.0,,6184.0,1.038,,,4.448,,15.166,,,K07537.01
,,3.709214104,,,1.16,,500.46,1206.0,,5833.0,1.022,,,4.407,,12.772,,,K00112.02
,,2.1176601,,,5.16544,,12280.2,2932.0,,5814.0,0.89,,,4.56,,,,,3948.01
,,7.448375935,,,34.37,,136.18,871.0,,5636.0,0.867,,,4.489,,15.178,,,K07273.01
,,13.75207851,,,2.81,,22.57,556.0,,4802.0,0.699,,,4.616,,15.587,,,K01569.01
,,2.99792926,,,1.12,,1611.51,1616.0,,5888.0,1.645,,,4.061,,12.003,,,K03008.01
,,15.0539886,,,1.44,,46.3,665.0,,5475.0,0.818,,,4.479,,14.503,,,K02483.01
,,1.914158508,,,13.63,,1730.47,1646.0,,6289.0,1.118,,,4.407,,14.446,,,K01132.01
,,3.6714717,,,10.678,,324.114,1182.0,,5618.0,1.54,,,4.06,,,,,1199.01
,,0.566810643,,,0.52,,3605.07,1976.0,,5776.0,0.758,,,4.598,,14.844,,,K04518.01
,,14.797219157,,,47.71,,90.8,787.0,,6343.0,0.931,,,4.495,,14.185,,,K06831.01
,,62.127677128,,,38.61,,6.15,402.0,,5344.0,0.807,,,4.494,,14.822,,,K03449.01
,,215.15218,,,1.36,,1.61,287.0,,5914.0,0.828,,,4.563,,15.075,,,K02349.01
,,18.93055119,,,4.41,,81.42,766.0,,5015.0,1.643,,,3.987,,14.417,,,K01914.01
,,4.0460644,,,18.2851,,6586.47,2509.0,,6404.0,1.81,,,4.03,,,,,4536.01
,,49.3567907,,,1.91,,38.86,637.0,,5862.0,1.67,,,4.05,,11.565,,,K00285.03
1.0,1.0,13.102,0.088,,2.66,1652.7077164,,447.0,0.0,3746.0,0.554,0.548,,4.691,120.311,14.794,10.734,13.9468,K2-416
,,5.49826,,,16.2801,,232.345,,,6362.6,1.34,,,,,,,,2017.01
,,1.7690121,,,10.5045599,,313.4011658,1073.1116296,,4683.0,0.701795,,,4.62,,,,,2206.01
,,6.98141327,,,1.42,,865.81,1384.0,,6054.0,2.163,,,3.923,,11.752,,,K02545.01
,,326.370361,,,22.6,,33.84,615.0,,5188.0,9.343,,,2.929,,10.963,,,K05313.01
,,17.42393582,,,3.29,,64.13,722.0,,6018.0,0.969,,,4.46,,15.601,,,K01724.01
,,70.61977122,,,,,,,,,,,,,,15.341,,,K05808.01
,,7.56126152,,,1.2,,149.17,891.0,,5853.0,0.895,,,4.529,,14.64,,,K02649.01
,,1.241483276,,,27.25,,2761.35,1847.0,,6140.0,1.053,,,4.394,,13.482,,,K03887.01
,,22.78078241,,,2.17,,2.73,328.0,,3731.0,0.498,,,4.75,,15.801,,,K00952.03
1.0,1.0,1.915291,0.0312,,13.85,,,1746.0,0.0,5599.0,1.56,1.1,0.38,4.1,638.7,13.256,11.479,13.0983,HATS-9
,,4.8170684,,,24.4342674,,952.2769628,1416.8065929,,6380.0,1.44956,,,4.24852,,,,,184.01
,,22.8030252,,,1.29,,119.6,843.0,,6063.0,1.613,,,4.061,,11.39,,,K00274.02
,,96.231257,,,29.26,,204.8,965.0,,4895.0,9.529,,,2.674,,13.648,,,K07792.01
,,30.8278245,,,2.42,,27.66,585.0,,5982.0,0.96,,,4.493,,15.765,,,K03279.01
1.0,1.0,13.115365,,,2.53,,,,0.0,3748.0,0.552,0.552,0.005,4.695,121.63,14.622,10.75,13.8429,K2-404
,,4.155,,,11.0678,,534.715,1339.0,,6270.0,1.57,,,4.14,,,,,387.01
,,40.069674617,,,27.38,,28.2,588.0,,5911.0,1.207,,,4.321,,14.458,,,K07265.01
,,2.489550708,,,36.91,,636.43,1281.0,,6018.0,0.794,,,4.569,,13.669,,,K07419.01
,,43.1312147,,,2.39,,22.21,554.0,,5839.0,1.067,,,4.327,,15.381,,,K01052.04
,,2.790643481,,,0.99,,104.74,816.0,,4353.0,0.603,,,4.681,,13.435,,,K04097.01
,,15.3573522,,,13.3280613,,47.2404772,668.6491835,,5462.0,0.915391,,,4.49258,,,,,7067.01
,,5.2439542,,,0.81,,86.51,778.0,,4920.0,0.691,,,4.636,,15.924,,,K06691.01
,,4.221626193,,,2.87,,453.2,1176.0,,6123.0,0.987,,,4.472,,14.708,,,K00532.01
,,1.759208679,,,66.06,,1121.32,1475.0,,5721.0,0.961,,,4.453,,15.409,,,K06248.01
,,1.39862757,,,2.39,,38048.23,3562.0,,7872.0,3.367,,,3.732,,11.915,,,K04047.01
,,2.46050095,,,1.03,,208.54,969.0,,4811.0,0.634,,,4.626,,15.245,,,K03113.01
,,242.484764,,,1.58,,1.51,283.0,,6068.0,0.829,,,4.568,,14.96,,,K05788.01
,,27.2672016,,,1.5781136,,1.6051398,287.0767134,,3546.0,0.460014,,,4.77262,,,,,2285.01
,,18.39629744,,,2.47,,27.09,582.0,,5316.0,0.804,,,4.57,,13.704,,,K00704.01
,,8.5893644,,,1.21,,93.09,792.0,,5602.0,0.817,,,4.571,,15.687,,,K07277.01
,,0.962864171,,,1.52,,1828.67,1666.0,,5704.0,0.804,,,4.575,,15.81,,,K02716.01
,,16.145671932,,,2.48,,20.98,546.0,,4900.0,0.741,,,4.602,,11.492,,,K00082.01
,,289.76961138,,,,,,,,,,,,,,12.714,,,K05161.01
,,7.4539297,,,,,520.65,,,,,,,,,13.272,,,K07608.01
,,6.238535444,,,2.53,,465.61,1185.0,,6267.0,1.258,,,4.28,,10.734,,,K00244.02
,,0.4900589,,,1.4741529,,2120.4474663,1730.7192689,,4891.0,0.726632,,,4.62,,,,,431.02
,,7.72513619,,,1.71,,26.91,581.0,,4245.0,0.637,,,4.641,,15.673,,,K02174.03
,,8.45744892,,,1.02,,220.05,982.0,,5903.0,1.137,,,4.304,,11.529,,,K00282.02
,,1.75147897,,,1.8,,7086.5,2340.0,,6823.0,2.037,,,4.04,,12.655,,,K01957.02
,,1.680425996,,,102.31,,5564.77,2203.0,,6844.0,1.629,,,4.145,,14.11,,,K06196.01
1.0,2.0,16.43445,,,2.213,,,,0.0,5789.0,0.907,0.731,-0.292,4.386,359.439,12.783,11.287,12.6473,K2-374
,,48.8882668,,,2.96,,5.23,386.0,,4821.0,0.788,,,4.529,,14.985,,,K02535.01
,,49.5740154,,,5.01,,1.46,280.0,,4040.0,0.527,,,4.714,,13.534,,,K03833.01
,,1.332560553,,,0.4,,574.99,1249.0,,4947.0,0.714,,,4.621,,12.912,,,K02867.01
,,0.925589891,,,50.6,,460202.18,6637.0,,4094.0,24.488,,,1.627,,10.795,,,K00031.01
,,5.7998189,,,2.6346124,,3.7367095,354.6027378,,3179.0,0.240233,,,4.99978,,,,,2120.01
,,4.030466786,,,4.48,,209.11,970.0,,5234.0,0.854,,,4.542,,14.924,,,K00433.01
,,0.93374232,,,18.29,,1706.25,1638.0,,5553.0,0.806,,,4.577,,15.239,,,K02391.01
,,4.7369669,,,2.93924,,307.522,1166.0,,5069.2,0.79,,,4.46,,,,,5068.01
,,3.855599139,,,3.57,,425.74,1158.0,,5936.0,0.965,,,4.501,,15.054,,,K00932.01
,,379.08202,,,23.99,,0.97,253.0,,5982.0,0.96,,,4.493,,15.813,,,K04100.01
,,10.043245,,,16.682435,,36.1287428,625.2921291,,5076.0,0.670549,,,4.71,,,,,550.02
,,0.895276162,,,172.25,,13121.22,2731.0,,5242.0,2.55,,,3.631,,16.397,,,K03607.01
,,1.33254024,,,0.59,,1777.13,1658.0,,6071.0,0.887,,,4.511,,14.282,,,K07972.01
,,0.84986054,,,67.45,,6185.9,2260.0,,5164.0,1.676,,,3.949,,14.319,,,K07331.01
1.0,1.0,8.269648,,,2.12381238,,,,0.0,5704.0,0.974398,0.999987,0.11,4.41,403.964,12.99,11.298,12.8302,K2-215
,,19.44639139,,,3.24,,50.73,681.0,,5815.0,0.954,,,4.421,,14.248,,,K00459.01
,,11.37936986,,,3.95,,99.68,806.0,,5714.0,1.015,,,4.428,,15.367,,,K00787.02
1.0,1.0,14.893291,0.1206,0.478,9.494023,100.11645,,804.0,0.0,5695.0,1.07,1.056,0.2,4.398,158.335,11.41,9.188,11.067,K2-287
,,1.0681394,,,19.5184,,7148.75,2561.0,,7248.0,2.23,,,3.95,,,,,4207.01
,,7.81153999,,,23.56,,62.96,718.0,,5150.0,0.71,,,4.628,,15.611,,,K01987.01
,,9.286964466,,,2.1,,79.68,762.0,,5546.0,0.81,,,4.575,,11.898,,,K00084.01
,,3.578757,,,12.1416042,,445.8323379,1171.9596007,,5482.59,1.06062,,,4.36922,,,,,4475.01
,,2.83401711,,,0.93,,859.57,1381.0,,6247.0,1.002,,,4.458,,15.036,,,K06853.01
,,0.603086711,,,36.0,,8675.9,2459.0,,6353.0,1.134,,,4.397,,13.989,,,K07747.01
,,5.40346248,,,108.46,,1398.38,1559.0,,6350.0,1.984,,,3.921,,13.615,,,K07098.01
,,94.289223,,,2.11,,4.39,369.0,,5632.0,0.904,,,4.537,,14.183,,,K02408.01
,,16.486796364,,,46.92,,290.46,1053.0,,6020.0,2.097,,,3.86,,13.645,,,K06712.01
,,2.7568649,,,,,,,,,,,,,,,,,3572.01
,,1.2391534,,,0.9654706,,21.6623126,550.2321395,,3042.0,0.197117,,,4.438,,,,,540.01
,,14.3641542,,,0.98,,94.33,795.0,,5925.0,1.033,,,4.364,,14.016,,,K05053.01
,,13.9028391,,,2.6136848,,77.4841883,756.6987586,,5876.0,0.983215,,,4.48,,,,,1097.02
,,1.752567456,,,26.56,,1202.54,1502.0,,5739.0,0.996,,,4.433,,14.449,,,K01354.01
,,0.660655454,,,16.81,,9210.84,2497.0,,6520.0,1.215,,,4.375,,15.666,,,K07994.01
2.0,1.0,2.36902,0.03359,0.16,1.70824866,7.3418362,,1366.0,0.0,5420.0,0.92,0.901,0.033,4.465,138.671,11.187,9.259,10.9277,K2-265
,,2.4919771,,,2.2187585,,39.6452664,639.9817426,,3948.0,0.482388,,,4.68962,,,,,1201.01
1.0,2.0,16.19697,,,1.99,,14.3,495.0,0.0,4455.0,0.696,0.67,-0.1,4.57,112.467,12.391,9.688,12.0433,K2-62
,,2.17813954,,,1.0,,4372.75,2073.0,,6511.0,1.851,,,4.003,,13.422,,,K07996.01
,,0.782068488,,,21.02,,343029.57,6169.0,,4475.0,20.237,,,2.113,,11.378,,,K05157.01
,,3.2235985,,,5.51341,,2064.8,,,8904.0,2.17,,,4.09,,,,,1038.01
,,9.40527028,,,25.39,,182.72,938.0,,6347.0,0.996,,,4.464,,14.685,,,K02089.01
,,1.88984957,,,73.04,,526.5,1221.0,,5328.0,0.716,,,4.571,,13.035,,,K06696.01
1.0,0.0,1.288312,,,,,,,0.0,3412.0,0.57612,0.568153,,4.67151,268.067,17.23,12.337,15.9032,EPIC 251292508
,,9.296746368,,,400.4,,1370.16,1552.0,,6461.0,2.884,,,3.67,,13.211,,,K07309.01
,,1.340649911,,,127.25,,3824.87,2004.0,,6332.0,1.222,,,4.26,,14.558,,,K05742.01
,,13.0366377,,,2.23,,283.97,1047.0,,6084.0,1.677,,,4.009,,13.543,,,K05691.01
,,5.78387049,,,2.07,,288.69,1051.0,,6063.0,1.012,,,4.476,,15.049,,,K02361.01
,,0.659299289,,,30.54,,3623.47,1979.0,,5791.0,0.852,,,4.524,,14.499,,,K04888.01
,,1.120646438,,,89.35,,14127.22,2783.0,,4972.0,4.034,,,3.449,,13.695,,,K01999.01
,,15.99560373,,,1.04,,21.54,550.0,,4955.0,0.721,,,4.61,,14.017,,,K01905.02
,,203.511886,,,2.07,,9.02,442.0,,6967.0,1.565,,,4.193,,12.341,,,K04708.01
,,2.9895092,,,18.8182218,,1949.8717061,1694.8109409,,6317.0,1.61396,,,4.12,,,,,5384.01
,,0.604755462,,,1.29,,1534.24,1598.0,,4842.0,0.726,,,4.616,,15.553,,,K06675.01
1.0,0.0,12.427163,,,,,,,0.0,6435.2,2.39747,1.3,-0.2312,3.7925,1133.61,12.759,11.531,12.6528,EPIC 211604981
,,15.28467725,,,2.7,,124.4,852.0,,5763.0,1.374,,,4.181,,14.519,,,K00563.01
,,4.0802864,,,6.300967,,4280.3235612,2062.9509379,,6802.3,2.68185,,,3.75,,,,,5381.01
,,7.304451735,,,59.02,,177.19,931.0,,6024.0,0.9,,,4.523,,14.989,,,K06445.01
,,3.7788779,,,13.9739571,,466.0843733,1185.0478458,,5817.7,1.02896,,,4.43,,,,,3422.01
,,3.8167262,,,1.69257,,40.9119,763.9863872,,4476.0,0.69,,,4.58156,,,,,836.02
,,313.09275066,,,47.52,,0.44,207.0,,5067.0,0.673,,,4.596,,15.638,,,K03538.01
,,3.79654367,,,159.34,,10412.56,2577.0,,8117.0,3.07,,,3.748,,14.005,,,K07155.02
,,4.159816554,,,0.86,,78.4,759.0,,4499.0,0.639,,,4.635,,13.177,,,K00719.04
,,0.3524597,,,1.76224,,1844.98,1825.0,,5432.0,0.9,,,4.51,,,,,2260.01
,,8.3806973,,,1.91,,57.04,701.0,,5062.0,0.735,,,4.601,,15.97,,,K02431.01
,,2.796661168,,,47.68,,1797.72,1661.0,,6331.0,1.326,,,4.146,,13.742,,,K06434.01
1.0,5.0,9.327527,,,2.69,,,696.0,0.0,5106.0,0.78,0.84,0.03,4.58,327.783,13.848,11.639,13.5627,K2-268
,,25.58546721,,,,,,,,,,,,,,15.161,,,K00885.01
,,1.6749812,,,79.51,,1540745.8,8986.0,,3940.0,84.461,,,0.76,,11.709,,,K08214.01
,,0.3643225,,,6.9527391,,329.3048956,1086.4738962,,3473.0,0.347331,,,4.87657,,,,,4522.01
,,24.261683827,,,58.48,,44.55,659.0,,6151.0,0.983,,,4.473,,12.325,,,K07381.01
,,1.42856815,,,0.64,,1352.91,1547.0,,5979.0,0.822,,,4.557,,14.766,,,K04692.01
,,224.469892,,,2.35,,2.58,323.0,,5911.0,1.091,,,4.337,,14.918,,,K05593.01
,,0.361112,,,6.69136,,2677.39,2003.0,,6056.9,1.95,,,3.99,,,,,1600.01
,,5.801881299,,,62.9,,3784.87,2001.0,,7259.0,3.009,,,3.739,,12.368,,,K07047.01
,,0.92565941,,,0.88,,7600.86,2383.0,,6058.0,1.612,,,4.135,,12.6,,,K04164.01
,,9.48803557,,,2.26,,93.59,793.0,,5455.0,0.927,,,4.467,,15.347,,,K00752.01
,,13.32354078,,,1.32,,136.61,872.0,,6113.0,1.218,,,4.341,,12.867,,,K02403.01
,,8.97349999,,,36.0,,6178.9,2262.0,,4751.0,11.536,,,2.52,,12.96,,,K00326.01
,,0.571038347,,,1.65,,3069.59,1897.0,,5132.0,0.886,,,4.457,,14.098,,,K02119.01
,,508.807642,,,39.59,,29.54,595.0,,4893.0,8.811,,,2.454,,15.635,,,K07698.01
1.0,0.0,9.49259,,,,,,,0.0,4645.01,7.25626,,0.193,,1514.47,12.832,10.227,12.5,EPIC 211920811
,,24.5434566,,,3.08,,34.07,616.0,,5955.0,0.91,,,4.52,,15.344,,,K00734.01
,,3.9416903,,,19.6321,,1460.48,1722.0,,6190.4,1.48,,,4.15,,,,,1993.01
,,195.7093855,,,,,,,,,,,,,,15.322,,,K03283.01
1.0,0.0,1.023613,,,,,,,0.0,6658.58,2.97485,1.4,0.194,3.63727,1223.87,12.267,11.044,12.1703,EPIC 212154158
1.0,0.0,0.616444,,,,,,,0.0,4937.26,0.750931,0.81,0.043,4.59535,544.461,15.042,12.62,14.8598,EPIC 211955798
,,3.8454384,,,13.6848,,2030.9,1870.0,,6733.4,2.02,,,3.98,,,,,2771.01
,,4.2186625,,,13.6976778,,311.7091966,1071.6603274,,5425.9,1.0068901,,,4.41,,,,,3636.01
,,6.8424983,,,16.4578474,,215.5002138,977.1959895,,5766.0,1.1282001,,,4.438,,,,,1460.01
,,5.66815821,,,1.85,,752.7,1336.0,,5900.0,1.694,,,4.022,,13.988,,,K00707.05
,,2.19635512,,,82.04,,2448.43,1793.0,,6438.0,1.273,,,4.182,,13.685,,,K06814.01
,,3.035206175,,,3.59,,403.53,1143.0,,5505.0,0.873,,,4.503,,15.556,,,K04185.01
,,2.659418888,,,61.52,,789.69,1352.0,,6156.0,0.932,,,4.5,,14.905,,,K06870.01
,,1.5947535,,,14.3739674,,1761.2885419,1652.2561498,,5703.0,1.15986,,,4.31786,,,,,4476.01
1.0,2.0,10.09489,0.0886,,2.41,,,764.0,0.0,5620.0,0.84,0.91,-0.19,4.55,275.255,12.7,10.94,12.5216,K2-224
,,3.6754815,,,22.3487036,,1252.5773445,1517.2980079,,6305.0,1.4902101,,,4.18,,,,,3808.01
,,84.644104,,,34.61,,584.49,1254.0,,5229.0,15.517,,,2.486,,15.359,,,K05647.01
,,9.32867952,,,1.62,,99.6,806.0,,5749.0,0.864,,,4.547,,15.466,,,K04477.02
,,3.217824,,,5.84702,,227.191,1081.0,,5418.0,1.67,,,4.17,,,,,1971.01
,,3.204222652,,,23.55,,217.46,979.0,,5139.0,0.741,,,4.609,,15.341,,,K03858.01
,,1.398890216,,,57.48,,2389.78,1784.0,,6134.0,1.051,,,4.378,,14.855,,,K07326.01
,,4.1250429,,,15.3479,,1112.27,1608.0,,6304.0,1.62,,,4.11,,,,,1721.01
,,7.54235832,,,1.59,,292.19,1054.0,,5711.0,1.391,,,4.221,,13.353,,,K02148.02
,,8.8036803,,,8.9006,,72.699,813.0,,5701.0,0.94,,,4.47,,,,,2064.01
,,48.5340395,,,26.827,,0.0730269,144.0,,5937.0,1.03,,,4.44855,,,,,1897.01
,,69.2002312,,,45.24,,27.66,585.0,,7044.0,1.267,,,4.337,,15.329,,,K02746.01
,,2.17491508,,,193.73,,3847.36,2009.0,,6792.0,1.636,,,4.143,,14.281,,,K05615.01
1.0,0.0,4.397187,,,,,,,0.0,6090.0,1.71021,1.14,,4.02887,680.351,12.295,11.182,12.4879,EPIC 211885185
1.0,1.0,16.273563,,,2.62,,,850.0,0.0,5869.0,1.32,0.94,-0.27,4.17,421.636,12.385,10.804,12.2299,K2-337
,,47.4277116,,,2.33,,6.46,407.0,,5132.0,0.77,,,4.571,,14.157,,,K00612.02
1.0,2.0,8.32727,0.0769,,2.03,,,750.0,0.0,5315.0,0.79,0.87,-0.09,4.59,102.564,10.985,9.05,10.7861,K2-229
,,4.264729569,,,29.95,,983.86,1428.0,,6052.0,1.417,,,4.084,,12.873,,,K05993.01
,,0.550509602,,,5.02,,56796.99,3938.0,,4891.0,4.529,,,3.169,,13.355,,,K06540.01
,,0.756511623,,,77.4,,9947.96,2549.0,,6343.0,1.417,,,4.199,,13.448,,,K06543.01
,,2.685223546,,,28.98,,360.92,1111.0,,5552.0,0.719,,,4.62,,15.828,,,K01777.01
,,7.4507305,,,3.04528,,1.96064,329.0,,3469.0,0.31,,,4.9401,,,,,175.02
,,383.43595,,,2.53,,0.5,214.0,,5576.0,0.729,,,4.615,,15.27,,,K07651.01
,,1.219034472,,,9.82,,2734.97,1845.0,,5833.0,1.192,,,4.333,,14.914,,,K01785.01
,,124.091252,,,1.3,,2.04,305.0,,5275.0,0.792,,,4.571,,14.152,,,K05601.01
,,3.813812,,,3.44278,,177.52,1016.0,,4689.0,0.71,,,4.61,,,,,5440.01
,,4.14244748,,,1.82,,3128.33,1907.0,,6785.0,2.124,,,3.83,,11.056,,,K02784.01
,,6.238755,,,2.9728283,,587.1290759,1255.4607699,,6212.0,1.47768,,,4.17664,,,,,1237.02
,,1.80709,,,4.86242,,7233.01,2569.0,,6244.0,2.2,,,3.84,,,,,1133.01
,,3.9766833,,,0.757588,,89.0886,855.0,,4813.0,0.69,,,4.38,,,,,174.04
,,0.76973817,,,,,,,,,,,,,,14.84,,,K01229.01
,,0.7645807,,,1.2407226,,399.2723837,1140.0845694,,3853.0,0.62326,,,4.63168,,,,,1238.02
,,5.77957133,,,1.5,,30.22,598.0,,4102.0,0.581,,,4.687,,15.484,,,K02588.01
,,17.1217196,,,10.2267,,204.585,1053.0,,5762.0,1.0,,,4.44944,,,,,2442.01
,,3.30040818,,,1.43,,1341.9,1543.0,,6333.0,1.438,,,4.229,,13.749,,,K02869.01
,,9.1720535,,,9.02881,,293.374,1152.0,,4933.0,3.79,,,4.438,,,,,2643.01
,,1.2730965,,,1.57925,,660.277,1412.0,,5024.0,0.77,,,4.5685,,,,,238.01
,,11.96407399,,,3.21,,100.96,808.0,,5903.0,0.961,,,4.437,,15.361,,,K02411.01
,,6.0344667,,,4.44029,,64.2648,788.0,,5586.0,1.05,,,4.36763,,,,,118.01
,,0.512407185,,,1.03,,583.45,1255.0,,3862.0,0.563,,,4.69,,14.78,,,K02306.01
,,6.67410577,,,1.62,,257.38,1022.0,,5949.0,1.041,,,4.389,,15.066,,,K04501.01
,,3.35184041,,,1.88,,661.69,1294.0,,6198.0,1.005,,,4.464,,15.526,,,K02780.01
,,4.6517186,,,2.66889,,540.772,1343.0,,5154.0,0.85,,,4.47072,,,,,125.01
,,30.69533113,,,69.4,,69.65,737.0,,6335.0,1.286,,,4.171,,12.508,,,K05744.01
,,25.2034128,,,2.42,,30.62,600.0,,5831.0,0.921,,,4.517,,15.684,,,K02328.01
,,8.209514329,,,149.52,,834.79,1371.0,,6258.0,2.111,,,3.882,,12.121,,,K07108.01
,,47.3128645,,,3.71,,44.26,658.0,,5749.0,1.876,,,4.002,,14.553,,,K04571.01
,,14.64319,,,3.41248,,391.2017546,1134.2791474,,6516.0,2.04178,,,3.99366,,,,,1223.01
,,25.1290153,,,1.93226,,25.7431,627.0,,5871.0,1.04,,,4.43296,,,,,4320.01
,,3.7228679,,,0.74,,461.27,1182.0,,6046.0,0.927,,,4.509,,15.202,,,K07772.01
,,1.7430143,,,16.9227097,,932.907623,1409.5465081,,5529.0,0.937741,,,4.48157,,,,,5796.01
,,0.993703494,,,2.32,,26588.4,3257.0,,6854.0,2.715,,,3.808,,12.928,,,K02987.01
,,407.97623,,,4.63,,14.53,498.0,,7612.0,2.968,,,3.787,,12.234,,,K05370.01
,,59.6585348,,,3.59,,5.66,393.0,,5243.0,0.831,,,4.547,,15.742,,,K01720.01
,,1.33259494,,,0.89,,1814.46,1665.0,,6063.0,0.918,,,4.51,,15.165,,,K04677.01
,,2.4011407,,,11.6862609,,1918.6201878,1687.9788551,,5911.0,1.50878,,,4.11,,,,,5212.01
,,1.867281146,,,31.18,,1405.94,1561.0,,6117.0,1.025,,,4.457,,15.6,,,K02558.01
,,4.4645454,,,3.07,,1555.36,1601.0,,6093.0,1.985,,,3.91,,13.51,,,K00164.01
,,41.43958662,,,5.5,,16.72,516.0,,5468.0,1.046,,,4.367,,15.4,,,K00764.01
,,15.0447098,,,1.51,,177.24,931.0,,5798.0,1.525,,,4.025,,13.037,,,K02342.01
,,323.77153,,,1.44,,0.52,216.0,,5196.0,0.784,,,4.586,,14.458,,,K05505.01
,,22.8909855,,,2.5594629,,98.7475477,803.9912632,,6321.0,1.41189,,,4.22436,,,,,282.04
,,88.5122014,,,4.7,,5.47,390.0,,5593.0,0.945,,,4.45,,11.921,,,K02672.01
,,67.8321638,,,2.39,,12.14,476.0,,5839.0,1.067,,,4.327,,15.381,,,K01052.03
,,37.3228722,,,35.34,,1769.88,1654.0,,4907.0,19.53,,,2.41,,13.573,,,K01951.01
,,374.51648,,,73.1,,0.55,220.0,,5714.0,0.711,,,4.627,,13.967,,,K07549.01
,,1.36513839,,,,,,,,,,,,,,13.911,,,K06503.02
,,2.233799622,,,28.63,,650.73,1287.0,,5741.0,0.846,,,4.555,,15.195,,,K01550.01
,,0.963081,,,2.727644,,23744.773941,3166.006188,,8688.0,1.68698,,,4.32187,,,,,742.01
,,16.01308419,,,3.1,,29.31,593.0,,5015.0,0.826,,,4.499,,15.39,,,K00758.01
,,3.04033046,,,8.99,,257.29,1021.0,,5035.0,0.791,,,4.519,,15.028,,,K00840.01
,,3.2588316,,,12.8714868,,284.4141772,1047.3879178,,5387.06,0.817114,,,4.58431,,,,,4623.01
,,3.525632539,,,11.58,,213.12,975.0,,5150.0,0.793,,,4.572,,15.224,,,K00830.01
,,6.10968225,,,0.79,,337.78,1093.0,,6024.0,1.009,,,4.309,,13.328,,,K05827.01
,,7.97420583,,,1.85,,212.75,974.0,,5973.0,1.081,,,4.386,,13.928,,,K00330.01
,,0.597933473,,,1.24,,10196.42,2564.0,,6543.0,1.159,,,4.382,,13.364,,,K02799.01
1.0,2.0,3.2253993,0.0382,0.02,1.73,6.9,116.2,913.0,0.0,4491.0,0.682,0.711,-0.01,,107.518,12.358,9.625,11.9053,K2-199
,,47.76397728,,,,,,,,,,,,,,9.668,,,K01927.01
,,209.238576,,,1.43,,3.72,354.0,,6302.0,1.135,,,4.345,,13.564,,,K05611.01
,,201.118319,,,2.28,,1.92,300.0,,5646.0,0.954,,,4.447,,13.328,,,K01989.01
,,14.2651545,,,1.06,,125.45,853.0,,5825.0,1.291,,,4.237,,12.515,,,K04409.01
,,0.960843605,,,19.15,,3120.32,1904.0,,5708.0,1.129,,,4.378,,14.92,,,K04225.01
,,0.60818508,,,96.03,,6637.9,2298.0,,5981.0,1.043,,,4.372,,14.538,,,K04836.01
,,2.8300213,,,6.47417,,462.811,1292.0,,6205.0,1.01,,,4.51,,,,,3795.01
,,10.3392408,,,2.98,,86.46,777.0,,5730.0,0.87,,,4.545,,15.282,,,K00738.01
,,3.7130279,,,12.8436936,,649.1548174,1287.3801861,,5808.0,1.20191,,,4.29702,,,,,7476.01
,,5.826731,,,4.71778,,1135.31,1617.0,,6305.0,1.62,,,4.11,,,,,6038.01
,,18.00932214,,,4.96,,44.29,658.0,,5815.0,0.877,,,4.54,,14.794,,,K00467.01
,,62.3026877,,,3.05,,10.05,454.0,,5688.0,0.971,,,4.415,,14.534,,,K00435.05
,,2.1990638,,,1.33,,330.97,1087.0,,5003.0,0.707,,,4.572,,15.957,,,K01763.01
,,2.01976,,,7.3626,,5926.69,2444.0,,7274.6,1.72,,,4.18,,,,,1329.01
,,1.50635409,,,4.53,,1054.12,1452.0,,5714.0,0.831,,,4.563,,15.525,,,K00770.01
,,317.74527,,,2.1,,3.03,336.0,,6050.0,1.333,,,4.08,,13.385,,,K08084.01
,,30.5528701,,,63.57,,51.9,685.0,,6441.0,1.165,,,4.367,,16.245,,,K03677.01
,,0.566798364,,,0.66,,6280.34,2272.0,,5864.0,1.04,,,4.411,,14.895,,,K04866.01
,,9.06687613,,,1.9,,65.52,725.0,,5142.0,0.789,,,4.515,,15.737,,,K02981.01
1.0,1.0,6.380803,,,1.27328671,,,,0.0,5548.0,0.919053,0.986144,0.26,4.56,235.867,12.23,10.371,12.0063,K2-169
,,4.786958,,,18.0112,,2320.18,1933.0,,7668.6,1.91,,,4.13,,,,,625.01
,,3.78861833,,,1.23,,424.17,1158.0,,5560.0,1.04,,,4.379,,14.285,,,K02317.01
,,10.49566303,,,1.34,,244.59,1009.0,,6214.0,1.297,,,4.238,,10.5,,,K00260.01
,,7.40611676,,,1.37,,49.89,678.0,,4799.0,0.692,,,4.631,,14.023,,,K00490.03
,,1.710299164,,,57.97,,1700.05,1638.0,,6082.0,1.006,,,4.385,,10.154,,,K05293.01
,,422.255426,,,5.09,,1.39,277.0,,6273.0,1.139,,,4.364,,15.17,,,K05914.01
,,1.0082361,,,1.7202,,1882.94,1835.0,,5795.29,1.13,,,4.438,,,,,141.01
,,1.5502952,,,3.34528,,10796.6,2839.0,,7851.0,1.86,,,4.17,,,,,1132.01
,,2.4727425,,,23.6289,,4630.82,2298.0,,6057.7,2.13,,,3.84,,,,,1608.01
,,19.96367208,,,1.5,,23.88,564.0,,5250.0,0.79,,,4.541,,12.713,,,K00298.01
,,2.524017517,,,1.5,,495.14,1203.0,,5420.0,0.871,,,4.487,,15.55,,,K02638.01
,,1.67495622,,,0.77,,2732.19,1843.0,,6323.0,1.263,,,4.296,,13.363,,,K04611.01
,,63.12379762,,,,,,,,,,,,,,15.008,,,K04995.01
1.0,0.0,2.153178,,,,,,,0.0,5523.0,0.997379,0.97,,4.42712,1039.39,15.226,13.5,15.0642,EPIC 211425822
,,287.377314,,,11.67,,3.56,350.0,,5548.0,1.793,,,3.964,,15.756,,,K05084.01
,,7.3164282,,,17.3698,,49.3074,738.0,,4884.0,0.83,,,4.5,,,,,2651.01
,,15.0330623,,,2.18,,175.74,928.0,,5849.0,1.601,,,4.076,,14.606,,,K03437.01
,,18.84497113,,,5.35,,21.89,552.0,,5220.0,0.695,,,4.578,,15.695,,,K07161.01
,,6.7171913,,,22.875658,,1148.7011293,1484.8121463,,5843.0,2.3529,,,3.7177,,,,,1688.01
,,5.8588751,,,12.1366,,429.794,1268.0,,6418.0,2.31,,,3.82,,,,,5301.01
,,0.83707,,,2.98849,,2645.93,1998.0,,3776.0,0.52,,,4.72,,,,,716.01
,,12.0999065,,,1.39,,100.37,807.0,,5553.0,1.098,,,4.33,,14.754,,,K02871.01
,,13.64617478,,,2.06,,49.89,678.0,,5569.0,0.829,,,4.566,,14.748,,,K00541.01
,,8.48039,,,1.23,,208.42,969.0,,6193.0,1.067,,,4.434,,14.863,,,K05724.01
,,10.338505,,,11.8729,,110.512,903.0,,5336.96,0.84,,,4.55466,,,,,1283.01
1.0,0.0,9.516793,,,,,,,0.0,,,,,,1930.83,19.9478,,19.8787,EPIC 211920462
,,3.8143009,,,1.1147163,,26.3711883,577.9658451,,3625.0,0.504068,,,4.7833,,,,,704.01
,,9.93442075,,,34.03,,50.35,679.0,,5382.0,0.669,,,4.654,,15.39,,,K07275.01
,,0.71933,,,3.45648,,3964.33,2210.0,,5758.0,1.44,,,4.21,,,,,1547.01
,,0.950735805,,,1.39,,3129.59,1908.0,,6039.0,1.005,,,4.478,,15.156,,,K04237.01
,,0.67554,,,15.6973,,7493.17,2591.0,,4872.0,2.74,,,,,,,,2156.01
,,0.512581525,,,42.41,,1339.86,1541.0,,4612.0,0.604,,,4.648,,14.884,,,K05683.01
,,14.4540329,,,0.72,,49.51,676.0,,5559.0,0.79,,,4.496,,13.572,,,K03096.01
,,0.772803664,,,1.11,,826.03,1365.0,,4535.0,0.668,,,4.607,,15.856,,,K07051.01
,,0.9438885,,,1.45,,23572.82,3158.0,,6947.0,2.297,,,3.895,,12.521,,,K08038.01
,,89.465468,,,2.57,,21.43,549.0,,5192.0,2.46,,,3.773,,12.998,,,K02659.01
,,2.053866175,,,158.25,,9631.57,2528.0,,5051.0,4.089,,,3.22,,13.912,,,K06235.01
1.0,0.0,22.7984,,,9.0,,,,0.0,6195.0,1.37,,,4.18,,15.035,11.469,14.4889,EPIC 203581469
,,80.8723469,,,7.59,,9.88,452.0,,5510.0,1.238,,,4.222,,15.201,,,K00847.01
,,4.1269046,,,17.0952,,1436.49,1715.0,,6888.0,1.59,,,4.23416,,,,,135.01
,,1.30627214,,,0.87,,1161.23,1490.0,,5513.0,0.862,,,4.543,,15.762,,,K07697.01
,,0.739404894,,,0.94,,589.06,1256.0,,4205.0,0.624,,,4.635,,15.962,,,K04905.01
,,12.62530918,,,87.2,,514.08,1214.0,,6878.0,1.844,,,4.012,,12.933,,,K03506.01
,,8.13121389,,,1.58,,368.36,1117.0,,6181.0,1.424,,,4.22,,11.018,,,K00085.03
,,2.358952404,,,0.96,,630.43,1278.0,,5300.0,0.986,,,4.385,,14.14,,,K00568.02
1.0,0.0,0.516235,,,,,,,0.0,7701.0,2.08947,1.81,,4.05568,2574.17,14.04,13.203,13.9583,EPIC 211651743
,,8.70798309,,,2.01,,20.59,543.0,,4362.0,0.554,,,4.722,,15.842,,,K01194.01
,,17.14648756,,,3.64,,102.24,811.0,,5559.0,1.412,,,4.127,,14.941,,,K02212.01
,,0.5474737,,,10.9219,,5430.93,2391.0,,5073.0,2.84,,,3.5,,,,,2623.01
,,0.635069939,,,57.77,,7193.72,2351.0,,6340.0,1.058,,,4.434,,14.539,,,K01153.01
,,4.592401261,,,52.18,,1872.74,1678.0,,7201.0,1.724,,,4.138,,12.93,,,K06146.01
,,2.10413487,,,67.03,,963.4,1421.0,,5780.0,1.0,,,4.438,,19.485,,,K06939.01
,,48.9200563,,,1.71,,10.22,456.0,,5375.0,0.899,,,4.433,,14.981,,,K05501.01
,,3.705991661,,,2.43,,637.42,1281.0,,6187.0,1.034,,,4.409,,14.641,,,K00452.01
,,4.9549631,,,18.4504689,,1489.5542795,1584.4693148,,6282.4,1.99207,,,3.92936,,,,,2198.01
,,1.7548863,,,5.83196,,397.807,1244.0,,5589.0,1.08,,,4.37,,,,,5769.01
,,4.7150255,,,17.6148,,1853.5,1827.0,,5756.9,1.2,,,3.9,,,,,367.01
,,1.958577398,,,1.8,,579.19,1252.0,,5402.0,0.816,,,4.568,,15.902,,,K02438.01
1.0,3.0,2.467583,0.03293,0.0,1.315,2.4,269.0,1127.0,0.0,4796.0,0.71,0.79,-0.082,4.53,67.5062,10.883,8.375,10.4191,K2-233
,,17.177328207,,,15.29,,63.7,720.0,,6032.0,0.973,,,4.485,,14.923,,,K00402.01
,,32.440339204,,,44.56,,9.52,448.0,,5081.0,0.696,,,4.578,,15.854,,,K06986.01
,,1.33256418,,,0.81,,602.26,1262.0,,5157.0,0.62,,,4.641,,15.86,,,K04108.01
,,523.36921,,,17.45,,0.78,240.0,,6397.0,0.913,,,4.508,,15.577,,,K05065.01
,,10.6332248,,,15.9854,,26.5909,632.0,,4678.0,0.81,,,4.5,,,,,6486.01
,,3.1748772,,,8.8,,933.1,1410.0,,5116.0,1.619,,,3.994,,14.395,,,K05460.01
,,24.2382519,,,2.19,,29.92,597.0,,5763.0,0.904,,,4.527,,15.752,,,K03300.01
,,2.508057497,,,3.25,,234.06,997.0,,4780.0,0.761,,,4.597,,12.895,,,K00104.01
,,3.709870784,,,4.35,,415.1,1151.0,,5727.0,0.978,,,4.463,,15.581,,,K00844.01
,,218.56734012,,,,,,,,,,,,,,15.52,,,K05400.01
,,2.037453129,,,136.3,,5752.74,2220.0,,6456.0,2.056,,,3.906,,12.22,,,K05797.01
,,1.50179931,,,0.72,,540.71,1229.0,,5024.0,0.736,,,4.613,,14.762,,,K02991.01
,,31.24611088,,,,,,,,,,,,,,14.706,,,K01312.02
,,0.6680065,,,15.4569,,7749.15,2613.0,,5159.0,3.77,,,,,,,,385.01
,,1.25383162,,,0.47,,4677.63,2109.0,,6472.0,1.299,,,4.271,,12.005,,,K07556.01
1.0,1.0,3.572326,,,2.417,,,,0.0,5387.0,0.966,0.937,0.11,4.435,199.354,11.865,9.95,11.6421,K2-397
,,16.7261969,,,1.56,,66.83,729.0,,5588.0,1.1,,,4.331,,14.514,,,K02218.02
,,4.4010465,,,19.7441,,3731.9,2177.0,,8489.0,2.32,,,4.03,,,,,626.01
,,13.23352214,,,3.06,,146.67,888.0,,5739.0,1.384,,,4.191,,15.084,,,K00834.02
,,1.744101106,,,7.21,,251.54,1016.0,,4368.0,0.703,,,4.593,,15.702,,,K01390.01
,,2.17815935,,,1.22,,1398.42,1561.0,,6258.0,1.098,,,4.413,,14.975,,,K04239.01
,,0.665025941,,,1.11,,5246.66,2174.0,,5884.0,1.07,,,4.408,,14.758,,,K02756.01
,,55.673582,,,2.19,,5.16,384.0,,4998.0,0.808,,,4.53,,15.061,,,K01711.01
,,61.224558,,,2.76,,17.89,525.0,,6343.0,1.14,,,4.408,,15.873,,,K05721.01
,,1.594162001,,,26.11,,960.51,1419.0,,5388.0,0.885,,,4.449,,14.585,,,K06060.01
,,1.485898163,,,14.96,,620.65,1272.0,,5088.0,0.727,,,4.559,,14.151,,,K03942.01
1.0,3.0,5.24,0.0441,,1.1,,,502.0,0.0,3420.0,0.36,0.4,-0.1,4.9,31.0849,14.632,9.971,13.4367,K2-239
,,121.5991278,,,379.63,,3.87,358.0,,6036.0,0.847,,,4.551,,14.6,,,K01454.01
,,20.99757968,,,2.97,,27.2,582.0,,5211.0,0.895,,,4.447,,14.548,,,K01751.02
,,7.047103499,,,51.86,,196.62,955.0,,5730.0,1.035,,,4.417,,13.361,,,K00965.01
,,5.093938816,,,17.19,,395.38,1137.0,,6197.0,1.035,,,4.449,,14.575,,,K00181.01
,,12.8177012,,,1.21,,235.16,999.0,,6290.0,1.385,,,4.151,,13.505,,,K07480.01
,,3.0717182,,,12.0054949,,279.7736168,1043.0891762,,5082.0,0.848394,,,4.5108,,,,,4521.01
,,13.32389352,,,1.26,,4.83,378.0,,3751.0,0.45,,,4.813,,15.931,,,K01404.01
,,3.4654953,,,14.2776184,,1373.5324063,1552.6711273,,5570.3,1.77738,,,3.93,,,,,351.01
,,1.7578288,,,13.9433,,29799.8,3660.0,,6640.0,2.59,,,3.76,,,,,5150.01
,,586.63177,,,1.18,,0.3,189.0,,5228.0,0.854,,,4.471,,13.416,,,K05559.01
,,1.99567242,,,0.75,,4939.44,2137.0,,6773.0,1.69,,,4.063,,11.945,,,K06700.01
,,64.2729088,,,5.38,,22.31,554.0,,6341.0,1.299,,,4.278,,15.589,,,K04189.01
,,29.47316279,,,48.98,,24.07,565.0,,5838.0,0.897,,,4.529,,15.957,,,K03265.01
,,4.1207509,,,7.46471,,2466.19,1963.0,,9953.0,2.38,,,4.09,,,,,2044.01
,,2.668957,,,16.1018337,,1087.3617796,1464.5805607,,5983.3,1.19683,,,4.3234,,,,,6874.01
,,3.487688776,,,5.64,,1033.07,1445.0,,5576.0,1.593,,,4.065,,13.77,,,K00046.01
,,22.40777833,,,1.15,,2.44,319.0,,3751.0,0.443,,,4.8,,14.625,,,K00571.04
,,3.454241684,,,75.11,,3867.02,2010.0,,6562.0,2.433,,,3.822,,13.198,,,K06119.01
1.0,2.0,13.733314,0.096,,2.6,,,502.0,0.0,4484.0,0.619,0.629,-0.225,4.653,134.188,13.707,10.36,13.2292,K2-90
2.0,4.0,8.992,0.0795,0.03,5.299,15.0,,837.0,0.0,5271.0,0.86,0.83,-0.06,4.49,157.682,12.304,9.821,12.0036,K2-32
,,7.12815163,,,1.36,,839.5,1373.0,,6311.0,1.994,,,3.998,,11.392,,,K02632.01
,,0.559517155,,,1.04,,13839.66,2762.0,,6462.0,1.309,,,4.266,,13.741,,,K07707.01
,,2.9590637,,,0.65,,1415.74,1564.0,,6192.0,1.322,,,4.195,,12.913,,,K06346.01
,,217.83184293,,,11.17,,3.29,343.0,,6259.0,1.167,,,4.385,,11.69,,,K03681.01
,,3.01106,,,7.20703,,1281.74,1666.0,,6516.0,1.63,,,,,,,,1566.01
1.0,0.0,1.671965,,,,,,,0.0,3243.0,0.483697,0.481713,,4.75171,119.437,16.59,11.131,15.0674,EPIC 211432946
,,0.874629873,,,0.72,,1538.25,1597.0,,5099.0,0.832,,,4.491,,14.107,,,K02464.01
1.0,4.0,7.760178,0.05,0.11,1.01,,5.4,,0.0,3360.47,0.330989,0.271365,,,66.4321,15.37,10.962,14.2789,K2-72
,,2.8577028,,,7.78724,,771.67,1468.0,,6240.0,1.45,,,4.2,,,,,6298.01
,,3.7006742,,,2.61277,,1434.65,1714.0,,5025.0,0.79,,,4.56,,,,,4461.01
,,9.59068586,,,3.93,,329.34,1087.0,,5476.0,1.673,,,3.904,,13.237,,,K01839.01
,,6.880459,,,2.77633,,123.942,929.0,,6474.0,1.31,,,4.32,,,,,5134.01
,,58.5850357,,,149.98,,59.16,707.0,,6379.0,1.994,,,3.925,,13.061,,,K03419.01
,,14.658013949,,,121.59,,126.35,855.0,,5146.0,1.626,,,3.986,,13.391,,,K06326.01
,,10.828825742,,,0.76,,78.3,758.0,,5862.0,0.785,,,4.584,,13.492,,,K07757.01
,,0.8706763,,,6.52133,,1486.34,1729.0,,6121.0,1.47,,,4.16573,,,,,4634.01
,,2.61844178,,,2.16,,4044.74,2033.0,,5088.0,3.293,,,3.502,,12.388,,,K07364.01
,,185.53285,,,28.39,,1.96,302.0,,5817.0,0.87,,,4.544,,15.692,,,K04074.01
,,11.09432054,,,3.9,,114.81,835.0,,6046.0,0.972,,,4.486,,15.714,,,K00756.01
,,252.04444,,,2.49,,0.35,196.0,,4514.0,0.664,,,4.621,,15.884,,,K05294.01
,,7.4398211,,,5.48138,,435.566,1272.0,,5822.0,1.45,,,4.14,,,,,4396.01
,,0.505079006,,,86.41,,19181.12,2997.0,,5398.0,1.843,,,3.822,,15.992,,,K07964.01
,,8.870415578,,,39.46,,414.26,1151.0,,6022.0,1.514,,,4.027,,13.579,,,K03875.01
,,6.0962602,,,0.62,,284.96,1048.0,,6108.0,1.03,,,4.466,,13.723,,,K08075.01
,,8.754708,,,3.5438108,,117.8260362,840.2916858,,5888.0,0.889347,,,4.57,,,,,6979.01
,,13.5437884,,,32.21,,44.22,658.0,,5463.0,0.794,,,4.582,,15.023,,,K03304.01
1.0,1.0,9.726618,0.094,,7.6,,,979.0,0.0,5747.0,1.401,1.164,0.328,4.208,491.242,14.136,11.197,13.7078,K2-87
,,13.3669309,,,0.27,,43.71,656.0,,5417.0,0.772,,,4.567,,9.705,,,K00245.03
,,2.192004364,,,37.56,,369.54,1118.0,,5306.0,0.687,,,4.642,,16.654,,,K03642.01
,,2.35195525,,,59.62,,1876.0,1678.0,,6550.0,1.225,,,4.324,,12.23,,,K07206.01
1.0,1.0,5.761612,,,1.313,,,,0.0,5682.0,0.881,0.735,-0.234,4.418,185.55,11.789,9.934,11.3732,K2-369
,,1.9271328,,,2.3659,,1087.6116431,1464.6646895,,5952.0,1.25,,,,,,,,644.01
,,2.023126394,,,0.92,,1582.75,1607.0,,6349.0,1.059,,,4.422,,13.126,,,K02891.01
,,501.07647447,,,,,,,,,,,,,,14.795,,,K06927.01
,,58.601926,,,2.06,,15.8,508.0,,6250.0,1.019,,,4.44,,14.649,,,K02097.01
,,2.9646096,,,15.291,,241.662,1098.0,,5306.0,0.88,,,4.51,,,,,2835.01
,,385.593209,,,2.37,,2.2,311.0,,6205.0,1.358,,,4.194,,13.927,,,K05791.01
,,21.80451611,,,2.6,,20.48,543.0,,5481.0,0.708,,,4.629,,15.067,,,K00920.01
,,6.0027375,,,8.72806,,475.015,,,5633.0,1.08,,,,,,,,2571.01
,,38.0970717,,,1.58,,0.81,242.0,,3554.0,0.398,,,4.867,,15.931,,,K02626.01
,,157.32263943,,,56.66,,3.61,351.0,,6109.0,0.989,,,4.472,,15.291,,,K03539.01
,,0.783879,,,9.6813253,,6087.0682501,2252.7956163,,4975.0,5.3874698,,,,,,,,1576.01
,,7.72433,,,20.0285,,1173.53,1630.0,,6249.4,2.32,,,4.19,,,,,1996.01
,,6.2031608,,,1.0214599,,45.9626286,664.0808611,,4633.87,0.630715,,,4.70763,,,,,6276.01
,,2.7443216,,,20.1852,,5405.6,2388.0,,8730.0,1.97,,,4.19,,,,,624.01
,,7.384681,,,1.22,,236.56,1000.0,,6174.0,1.021,,,4.445,,14.191,,,K06137.02
,,2.2623261,,,4.86815,,1819.52,1819.0,,5786.0,0.89,,,4.56,,,,,3385.01
,,1.1894812,,,9.44872,,9015.13,2714.0,,6550.0,1.5,,,4.21,,,,,2863.01
,,19.9815709,,,2.54717,,16.5853,562.0,,5154.0,0.85,,,4.47072,,,,,125.03
,,47.189437,,,66.71,,13.01,484.0,,5458.0,0.972,,,4.381,,15.624,,,K03559.01
,,1.65546056,,,0.9,,743.75,1331.0,,5438.0,0.82,,,4.574,,15.876,,,K06874.01
,,38.058140058,,,94.1,,69.39,736.0,,6894.0,1.419,,,4.25,,12.178,,,K06903.01
,,0.77359329,,,0.82,,3022.82,1890.0,,5747.0,0.907,,,4.508,,14.615,,,K02909.01
,,0.64234865,,,25.76,,2653.37,1829.0,,5441.0,0.791,,,4.553,,16.639,,,K03736.01
,,1.819376,,,11.1303,,12022.3,2917.0,,7567.0,1.53,,,4.31,,,,,4946.01
,,11.39169531,,,1.02,,145.67,886.0,,5557.0,1.249,,,4.198,,11.926,,,K02948.01
,,1.844857057,,,0.97,,1548.86,1601.0,,6143.0,1.004,,,4.403,,13.617,,,K02740.01
,,23.1274171,,,1.44,,46.89,667.0,,5865.0,1.066,,,4.393,,11.863,,,K02087.01
,,7.45301717,,,37.37,,10730.53,2595.0,,4475.0,16.755,,,2.329,,14.158,,,K06269.01
,,7.1688266,,,,,,,,,,,,,,15.602,,,K01149.01
,,13.78109471,,,1.42,,6.17,402.0,,3846.0,0.503,,,4.738,,12.925,,,K00314.01
,,144.551628,,,3.06,,1.99,303.0,,5510.0,0.803,,,4.572,,15.481,,,K01581.02
,,10.71253475,,,2.02,,13.09,485.0,,4175.0,0.544,,,4.715,,15.813,,,K02256.01
,,160.0191598,,,4.28,,2.08,306.0,,5376.0,0.94,,,4.462,,14.001,,,K00401.02
,,13.24931848,,,2.86,,99.54,806.0,,5799.0,1.078,,,4.361,,14.15,,,K00409.01
,,1.332560589,,,1.4,,330.32,1086.0,,4489.0,0.609,,,4.662,,15.036,,,K01559.01
,,0.566793614,,,21.63,,781981.98,7584.0,,3789.0,27.384,,,1.549,,10.628,,,K07578.01
,,3.1385875,,,4.70639,,17444.7,3201.0,,6278.0,1.55,,,4.08153,,,,,217.01
,,21.1876185,,,0.79,,49.23,676.0,,6355.0,0.849,,,4.547,,13.827,,,K03503.01
,,0.9889446,,,7.2993,,33896.0,,,6173.3,1.5,,,4.22,,,,,725.01
,,7.9940367,,,2.5576021,,258.8217348,1022.9865778,,5846.29,1.25324,,,4.26525,,,,,2545.01
,,5.53533152,,,1.75,,292.33,1054.0,,5588.0,1.1,,,4.331,,14.514,,,K02218.01
,,4.5300175,,,,,4849.38,2324.0,,9046.0,,,,,,,,,3085.01
,,135.223193,,,0.92,,7.18,417.0,,6181.0,1.227,,,4.279,,12.452,,,K03251.01
,,4.2005957,,,11.3204,,1013.24,1571.0,,7803.0,1.67,,,4.26,,,,,6152.01
,,0.59586463,,,,,931.51,,,,,,,,,14.343,,,K07528.01
,,1.42744,,,7.86301,,28512.6,3620.0,,6000.2,1.33,,,4.36,,,,,410.01
,,6.0990118,,,3.16,,842.53,1374.0,,5743.0,1.971,,,3.881,,13.951,,,K01280.01
,,1.391716834,,,36.19,,1150147.99,8346.0,,3749.0,59.684,,,0.833,,13.71,,,K05752.01
,,1.181165291,,,1.52,,905.88,1398.0,,5203.0,0.747,,,4.582,,15.971,,,K04370.01
,,18.1118457,,,31.25,,98.09,803.0,,6434.0,1.138,,,4.394,,15.558,,,K03453.01
,,1.311558909,,,1.15,,1776.99,1655.0,,5926.0,0.963,,,4.501,,15.371,,,K02865.01
1.0,1.0,28.1656,,,1.87,,,,0.0,,,0.41,,,159.259,16.014,11.933,15.2612,EPIC 201238110
,,8.1280933,,,1.39,,138.51,875.0,,5831.0,0.921,,,4.517,,15.808,,,K01127.02
,,1.33255801,,,0.62,,1025.1,1443.0,,5161.0,0.892,,,4.452,,15.305,,,K07980.01
,,2.49705175,,,,,,,,,,,,,,10.266,,,K01019.01
,,2.4360845,,,2.46916,,1556.22,1749.0,,6529.0,1.32,,,4.33,,,,,4359.01
,,65.7045275,,,2.78,,11.72,472.0,,5918.0,1.043,,,4.403,,11.667,,,K00092.01
,,372.54353,,,74.14,,0.62,226.0,,5561.0,0.836,,,4.557,,15.662,,,K04200.01
,,8.48031942,,,4.54,,168.01,918.0,,5951.0,0.991,,,4.439,,15.262,,,K01468.01
,,132.778041,,,10.38,,3.83,357.0,,5780.0,1.0,,,4.438,,13.34,,,K04507.01
,,4.288515468,,,76.51,,2081.57,1722.0,,6378.0,2.002,,,3.878,,13.396,,,K00021.01
,,5.54867998,,,0.68,,143.26,882.0,,5258.0,0.835,,,4.514,,12.837,,,K03087.01
,,2.052349884,,,13.12,,1183.18,1497.0,,5855.0,1.08,,,4.393,,15.257,,,K00897.01
,,12.4257442,,,8.43,,1369.63,1551.0,,8691.0,2.193,,,4.072,,12.625,,,K06586.01
,,2.069415479,,,55.45,,2310.53,1768.0,,6640.0,1.25,,,4.343,,13.681,,,K07403.01
,,26.7575866,,,2.28,,44.86,660.0,,6215.0,1.052,,,4.44,,15.42,,,K03372.01
,,0.793663156,,,1.14,,1600.85,1614.0,,5077.0,0.825,,,4.533,,14.549,,,K04070.01
,,5.36375016,,,1.15,,296.73,1059.0,,5553.0,1.098,,,4.33,,14.754,,,K02871.02
,,88.495683,,,5.1574303,,0.4523971,209.1701491,,5509.61,0.939951,,,4.47728,,,,,4579.01
,,4.33722007,,,1.63,,231.86,996.0,,5390.0,0.876,,,4.499,,13.53,,,K01820.01
,,1.45728997,,,0.93,,1818.19,1665.0,,6063.0,1.012,,,4.476,,14.561,,,K04855.01
1.0,0.0,3.57678,,,,,,,0.0,5474.0,0.934009,0.96,,4.47964,470.558,13.67,11.86,13.4924,EPIC 211764373
,,5.93719982,,,1.47,,297.14,1059.0,,6102.0,1.026,,,4.457,,13.021,,,K00360.01
,,5.852968845,,,3.46,,293.93,1056.0,,6050.0,1.013,,,4.45,,14.434,,,K00535.01
,,2.1425095,,,21.3705,,38711.5,3907.0,,7893.0,2.02,,,4.105,,,,,5821.01
,,1.21374652,,,0.59,,2945.61,1880.0,,6238.0,1.049,,,4.407,,12.107,,,K03218.01
,,3.7382381,,,4.774123,,790.4759269,1352.3587386,,5938.0,1.2906801,,,4.25146,,,,,2498.01
,,3.213668926,,,4.13,,1244.44,1515.0,,5795.0,1.545,,,4.101,,12.211,,,K00007.01
,,13.14496741,,,1.59,,56.15,698.0,,5411.0,0.888,,,4.477,,13.435,,,K00385.01
,,5.71483873,,,1.26,,118.73,842.0,,5193.0,0.755,,,4.535,,14.167,,,K02085.01
,,6.9593972,,,9.3800527,,341.0877558,1096.0649295,,5854.0,1.33729,,,4.438,,,,,6551.01
,,2.9932591,,,11.8414052,,2649.7622197,1829.8752178,,6106.0,1.9654,,,3.91186,,,,,6693.01
,,3.8259005,,,3.45,,241.25,1005.0,,5223.0,0.885,,,4.505,,15.768,,,K02734.01
,,4.2059745,,,0.75,,601.3,1263.0,,5960.0,1.163,,,4.291,,14.734,,,K04652.01
1.0,1.0,2.849883,,,1.3643987,,,,0.0,5233.0,0.791736,0.860208,-0.04,4.71,184.131,12.428,10.375,12.2315,K2-200
,,25.9534494,,,2.06,,22.3,554.0,,5591.0,0.86,,,4.559,,15.79,,,K06369.01
,,0.918510251,,,1.77,,14485.22,2795.0,,5837.0,2.338,,,3.791,,13.815,,,K07671.01
,,4.9133022,,,9.33912,,999.403,1566.0,,5918.0,2.06,,,3.84,,,,,4462.01
,,606.91488768,,,,,,,,,,,,,,13.532,,,K05270.01
,,2.586878667,,,19.84,,1823.52,1666.0,,6812.0,1.172,,,4.343,,12.897,,,K01542.01
,,16.00747237,,,2.99,,116.46,838.0,,5857.0,1.305,,,4.204,,13.77,,,K00352.02
,,322.55663046,,,,,,,,,,,,,,12.75,,,K05447.01
,,1.506019633,,,1.08,,1660.03,1628.0,,6065.0,0.896,,,4.454,,15.005,,,K01690.01
,,18.47762694,,,1.55,,1.21,267.0,,3395.0,0.283,,,4.97,,14.708,,,K00463.01
,,15.33528675,,,5.0,,32.67,610.0,,5251.0,0.817,,,4.581,,15.855,,,K00841.01
,,5.52418625,,,2.25,,214.86,976.0,,5334.0,1.004,,,4.372,,15.377,,,K01760.01
,,321.02094,,,1.96,,0.69,232.0,,5334.0,0.81,,,4.492,,15.238,,,K07997.01
1.0,1.0,4.024867,0.0451,0.0,10.054473,106.47305,,852.0,0.0,4444.0,0.7,0.74,0.14,4.63,232.801,13.8941,,13.5184,K2-295
,,1.33256979,,,0.97,,1943.76,1692.0,,6089.0,0.95,,,4.495,,15.377,,,K04181.01
,,1.81139053,,,14.47,,1092.69,1466.0,,5941.0,0.911,,,4.519,,15.372,,,K07134.01
,,17.1019622,,,10.1067,,20.0982,589.0,,5302.3,0.93,,,4.4,,,,,2328.01
,,2.3927114,,,14.5439,,553.561,1351.0,,5967.0,1.17,,,4.34,,,,,6130.01
,,22.1334224,,,1.76,,15.65,507.0,,5165.0,0.702,,,4.633,,15.571,,,K02315.01
,,0.566807725,,,0.94,,9645.51,2524.0,,5018.0,1.734,,,3.953,,13.903,,,K07584.01
,,11.41941928,,,0.99,,19.47,536.0,,4498.0,0.635,,,4.661,,13.256,,,K02693.02
,,43.8418559,,,9.29872,,8.83961,480.0,,5767.0,1.32,,,4.21,,,,,5496.01
,,200.79976002,,,48.77,,2.0,303.0,,5896.0,0.916,,,4.518,,15.814,,,K05296.01
,,86.1160885,,,3.11,,8.93,441.0,,6161.0,1.053,,,4.454,,15.831,,,K03014.01
1.0,0.0,0.77845,,,,,,,0.0,3859.0,0.779314,0.595,,4.42916,183.229,14.734,10.767,14.0006,EPIC 212009427
,,3.7353995,,,8.61993,,230.421,1085.0,,5895.0,1.53,,,4.1,,,,,4265.01
1.0,1.0,13.86375,0.10207,0.13,2.592,15.9,27.7,638.0,0.0,5010.0,0.713,0.738,-0.34,,116.474,11.985,9.607,11.6627,K2-110
,,33.1981761,,,3.21,,49.9,678.0,,5570.0,1.548,,,4.066,,15.035,,,K01196.03
,,29.015852933,,,1183.06,,29.11,592.0,,5783.0,0.941,,,4.415,,15.546,,,K03350.01
,,3.3226948,,,15.33,,52428.3,3859.0,,5234.0,16.959,,,2.41,,11.899,,,K01054.01
,,4.54586982,,,0.65,,134.21,868.0,,5051.0,0.721,,,4.562,,8.717,,,K03158.02
,,14.66769462,,,145.18,,1370.6,1552.0,,7517.0,3.226,,,3.717,,13.415,,,K06251.01
,,7.2593226,,,1.57,,206.88,967.0,,5914.0,0.987,,,4.421,,14.461,,,K03685.02
,,1.21475168,,,5.5,,28091.85,3302.0,,6732.0,3.276,,,3.632,,11.464,,,K04272.01
,,2.178150567,,,34.19,,2457.28,1796.0,,6820.0,1.254,,,4.328,,13.835,,,K00713.01
,,198.088873,,,3.24,,1.63,288.0,,5275.0,0.969,,,4.397,,15.717,,,K04121.01
,,6.1461734,,,6.96236,,8177.52,2649.0,,6153.0,1.5,,,4.15,,,,,1520.01
,,0.515552803,,,13.96,,2508.21,1807.0,,5068.0,0.73,,,4.556,,15.786,,,K02918.01
,,1.000012952,,,2.12,,15781.19,2858.0,,5176.0,3.605,,,3.534,,11.942,,,K06466.01
,,2.2645386,,,5.1936764,,34.1873897,616.7174475,,3443.0,0.411471,,,4.81617,,,,,1234.01
,,11.4132144,,,1.03,,172.97,925.0,,6188.0,1.155,,,4.33,,13.746,,,K07869.01
,,4.15713766,,,1.17,,908.82,1401.0,,6470.0,1.324,,,4.301,,12.28,,,K02112.01
,,10.581581895,,,53.19,,342.98,1098.0,,6168.0,1.567,,,4.074,,13.936,,,K01538.01
,,320.347208,,,1.58,,1.33,274.0,,6146.0,0.943,,,4.497,,13.996,,,K08285.01
,,3.2771118,,,11.8143095,,391.2422478,1134.3084985,,5451.0,0.944511,,,4.46538,,,,,7486.01
,,5.94373492,,,1.14,,48.82,674.0,,4391.0,0.682,,,4.598,,15.583,,,K04444.01
,,21.993112,,,23.21,,17.75,523.0,,5205.0,0.747,,,4.604,,15.249,,,K03270.01
,,87.5177787,,,1.85,,9.76,451.0,,5903.0,1.137,,,4.304,,11.529,,,K00282.03
,,1.08195208,,,0.47,,1275.68,1526.0,,5233.0,0.824,,,4.489,,13.881,,,K04696.01
,,4.83809469,,,0.79,,3.7,354.0,,3187.0,0.2,,,5.091,,17.058,,,K04290.01
,,3.5256535,,,12.1210086,,189.762184,946.6123519,,5003.05,0.783768,,,4.56877,,,,,4435.01
,,0.566800593,,,0.48,,14091.55,2783.0,,6476.0,1.353,,,4.255,,12.318,,,K04536.01
,,6.481633073,,,2.54,,406.25,1145.0,,5945.0,1.302,,,4.213,,12.365,,,K00123.01
,,9.84883968,,,63.42,,390.19,1134.0,,6938.0,1.31,,,4.281,,16.35,,,K03715.01
,,7.258450123,,,5.53,,141.3,880.0,,5638.0,0.92,,,4.513,,14.747,,,K00242.01
,,7.31898,,,8.79673,,468.718,1296.0,,5926.0,1.3,,,4.27,,,,,164.01
,,2.028512246,,,50.28,,1333.24,1542.0,,6105.0,1.025,,,4.412,,13.281,,,K07242.01
,,0.542122617,,,0.94,,5914.13,2238.0,,5875.0,0.998,,,4.476,,14.661,,,K07629.01
,,2.4997996,,,13.8516093,,907.8624196,1399.9894384,,5650.0,1.13732,,,4.28867,,,,,112.01
,,52.75878505,,,8.76,,20.08,540.0,,6228.0,1.137,,,4.413,,15.182,,,K01553.01
,,5.370639542,,,2.54,,341.68,1096.0,,5821.0,1.085,,,4.355,,13.989,,,K00658.02
,,4.2809767,,,13.0113,,445.261,1279.0,,5964.0,1.49,,,4.13,,,,,4791.01
1.0,2.0,20.88977,,0.06,5.4,19.0,,,1.0,5625.0,1.16,1.07,0.34,4.29,170.562,11.275,9.18,10.9072,K2-24
,,5.9294088,,,10.8101,,456.893,,,5095.6,1.06,,,,,,,,1183.01
,,73.836858,,,25.09,,403.37,1143.0,,4769.0,14.706,,,2.583,,10.996,,,K08135.01
,,2.03743942,,,0.82,,673.94,1299.0,,5751.0,0.774,,,4.577,,15.047,,,K02320.01
,,23.81490574,,,63.1,,121.57,847.0,,5421.0,1.89,,,3.79,,14.488,,,K05606.01
,,13.71218522,,,2.47,,49.26,676.0,,5550.0,0.831,,,4.562,,15.935,,,K02461.01
1.0,1.0,9.978541,0.0932,0.48,2.36509493,,,1220.0,0.0,6310.0,1.499,1.084,-0.456,4.122,80.8994,8.24,6.887,8.103581,K2-167
1.0,1.0,8.687721,0.0773,,8.18,,,665.0,0.0,4812.0,0.76,0.82,0.22,4.59,458.139,15.048,12.523,14.7677,K2-281
,,4.20233673,,,23.53,,570.87,1246.0,,6185.0,1.094,,,4.396,,15.653,,,K01382.01
,,0.97430309,,,37.62,,1728.18,1643.0,,5688.0,0.786,,,4.583,,15.783,,,K03786.01
,,14.5378,,,16.0523,,,,,8007.0,2.05,,,,,,,,996.01
,,9.30991834,,,1.21,,164.38,913.0,,5806.0,1.101,,,4.353,,13.799,,,K02559.01
,,20.73989406,,,2.11,,19.47,536.0,,5132.0,0.77,,,4.571,,14.157,,,K00612.01
,,27.308150159,,,47.06,,17.75,523.0,,5541.0,0.739,,,4.574,,15.529,,,K07526.01
,,410.99389,,,2.09,,0.55,220.0,,5471.0,0.898,,,4.533,,15.46,,,K04432.01
,,10.303356001,,,69.66,,90.76,787.0,,5497.0,0.9,,,4.423,,15.177,,,K07012.01
,,2.78186,,,4.92567,,1323.21,1680.0,,6819.0,2.21,,,3.92,,,,,1112.01
,,0.805267592,,,1.35,,5216.79,2165.0,,6268.0,1.1,,,4.429,,15.881,,,K07771.01
,,8.65312868,,,20.38,,127.5,857.0,,5880.0,0.893,,,4.525,,15.534,,,K04046.01
,,18.6922101,,,18.1458,,282.175,1141.0,,6277.0,1.65,,,4.09,,,,,1134.01
,,0.56679797,,,0.65,,2467.38,1799.0,,5230.0,0.777,,,4.594,,15.877,,,K06858.01
,,2.972047661,,,24.74,,142.01,881.0,,4491.0,0.711,,,4.58,,15.772,,,K01795.01
,,0.422015793,,,6.69,,4962.18,2136.0,,5614.0,0.777,,,4.587,,14.403,,,K02950.01
,,8.0103929,,,1.88,,184.38,940.0,,5616.0,1.111,,,4.327,,14.601,,,K01952.01
,,2.7161298,,,14.5541659,,1034.0911042,1446.303543,,5962.0,1.18678,,,4.32795,,,,,5802.01
,,1.336109338,,,35.19,,2106.49,1727.0,,6119.0,0.967,,,4.46,,15.507,,,K01419.01
,,21.6817115,,,0.89,,60.99,713.0,,6297.0,1.031,,,4.448,,14.491,,,K07618.01
,,7.03902016,,,2.45,,288.92,1051.0,,6321.0,1.058,,,4.434,,15.067,,,K00955.01
,,8.752913958,,,119.91,,1689.12,1635.0,,7279.0,2.624,,,3.856,,11.961,,,K06047.01
,,7.19304935,,,1.59,,232.36,995.0,,6185.0,0.991,,,4.472,,15.451,,,K01440.01
,,10.526294577,,,8.24,,61.16,713.0,,5386.0,0.793,,,4.553,,15.305,,,K00850.01
,,0.4702719,,,1.4344026,,5028.6262848,2147.7419002,,5466.0,0.92499,,,4.48625,,,,,1444.01
,,12.4260454,,,2.64,,58.88,706.0,,5645.0,0.817,,,4.569,,15.604,,,K03967.01
,,27.52194772,,,2.47,,2.28,314.0,,3780.0,0.511,,,4.746,,15.108,,,K00255.01
,,11.5778362,,,1.5422129,,99.9013415,806.3295569,,5739.0,1.02607,,,4.51,,,,,2011.01
,,3.5061649,,,12.8576195,,174.9015383,927.5090521,,4906.0,0.771086,,,4.56858,,,,,5676.01
,,12.720370263,,,4.75,,180.23,934.0,,6267.0,1.258,,,4.28,,10.734,,,K00244.01
,,161.515617,,,2.88,,0.47,211.0,,4243.0,0.641,,,4.637,,15.561,,,K02078.02
,,22.342964828,,,9.99,,89.61,785.0,,6181.0,1.331,,,4.234,,12.205,,,K00094.01
,,3.7224626,,,11.4694856,,184.988035,940.6014835,,4926.0,0.82064,,,4.51771,,,,,4516.01
,,25.94947,,,1.22,,15.74,508.0,,5348.0,0.748,,,4.609,,15.908,,,K07675.01
,,3.4058895,,,17.2861065,,970.9417325,1423.6985463,,6302.0,1.26867,,,4.30907,,,,,683.01
,,13.33386985,,,,,,,,,,,,,,9.563,,,K00973.01
,,45.035589512,,,82.4,,30.66,600.0,,6484.0,1.153,,,4.386,,14.529,,,K07233.01
,,37.80694072,,,72.01,,34.14,617.0,,6387.0,1.105,,,4.41,,14.898,,,K06028.01
,,15.801100028,,,15.61,,33.6,614.0,,5383.0,0.789,,,4.587,,15.513,,,K00960.01
,,25.95193721,,,123.34,,157.59,904.0,,6569.0,1.729,,,4.008,,9.277,,,K06371.01
1.0,2.0,21.574023,,,1.09308317,,,,0.0,5631.0,0.912206,0.904597,-0.19,4.38,160.679,11.138,9.41,10.9586,K2-190
,,51.07926451,,,2.75,,15.17,503.0,,5833.0,1.022,,,4.407,,12.772,,,K00112.01
,,24.58716355,,,2.37,,18.72,530.0,,5474.0,0.749,,,4.605,,15.598,,,K00948.01
,,16.2959916,,,1.83,,49.81,678.0,,5495.0,0.961,,,4.442,,15.243,,,K02655.01
1.0,1.0,9.7833,0.0761,0.24,2.6116925,,,560.0,0.0,3990.0,0.643,0.615,-0.02,4.61,174.955,14.542,11.075,13.9449,K2-54
,,12.4237327,,,1.12,,294.63,1057.0,,5221.0,2.067,,,3.72,,12.409,,,K06131.01
,,17.4217322,,,1.42,,65.92,727.0,,6052.0,0.967,,,4.456,,15.28,,,K01437.03
,,10.692115,,,2.71,,244.47,1008.0,,6474.0,1.242,,,4.311,,14.294,,,K07892.01
,,24.08632177,,,2.78,,14.78,500.0,,4973.0,0.768,,,4.537,,15.464,,,K02205.01
,,10.45776,,,,,65.5508,792.0,,5800.0,,,,4.38,,,,,342.01
,,94.219289,,,2.15,,1.57,285.0,,4641.0,0.694,,,4.589,,15.703,,,K01330.02
,,159.05846,,,1.54,,4.73,376.0,,6365.0,1.033,,,4.411,,12.885,,,K05235.01
,,588.10504,,,1.77,,0.67,231.0,,6214.0,0.965,,,4.457,,14.514,,,K05256.01
1.0,0.0,0.547674,,,,,,,0.0,4926.69,0.786265,0.81,0.0285,4.55541,478.589,14.864,12.428,14.4664,EPIC 212069706
,,1.061934816,,,25.72,,1789.63,1660.0,,5730.0,0.87,,,4.545,,15.062,,,K01265.01
,,74.985292949,,,49.22,,7.69,425.0,,5955.0,0.91,,,4.52,,14.851,,,K06597.01
,,1.2368321,,,7.3968,,3451.44,2135.0,,6117.0,1.59,,,4.1,,,,,3375.01
,,125.602323,,,2.89,,3.95,360.0,,5774.0,0.958,,,4.447,,15.378,,,K01970.02
,,0.696290095,,,12.63,,3537.89,1969.0,,5904.0,0.867,,,4.543,,15.034,,,K04211.02
,,5.70070626,,,2.03,,270.62,1035.0,,5993.0,0.986,,,4.489,,15.934,,,K01363.02
,,2.87066026,,,1.72,,484.17,1196.0,,5910.0,0.796,,,4.578,,15.413,,,K02127.01
,,5.9041278,,,2.4489454,,129.0410781,859.6105665,,5141.0,0.876154,,,4.49143,,,,,1246.03
,,0.444291966,,,27.51,,2706.26,1836.0,,5255.0,0.636,,,4.678,,15.748,,,K00796.01
,,48.0506878,,,2.36,,23.9,564.0,,5332.0,1.453,,,4.083,,15.033,,,K03432.01
,,3.2122302,,,13.0356,,325.569,1183.0,,5357.7,1.04,,,4.37,,,,,1771.01
1.0,0.0,0.799768,,,,,,,0.0,8175.71,1.67093,2.0,-0.307,4.29318,1242.66,12.853,12.253,12.6984,EPIC 211471048
,,16.0505464,,,0.81,,37.12,630.0,,5428.0,0.853,,,4.563,,13.136,,,K03465.01
,,2.053341891,,,1.44,,2154.14,1737.0,,6084.0,1.358,,,4.204,,12.217,,,K02075.01
,,3.234699282,,,13.06,,797.62,1356.0,,5640.0,1.291,,,4.236,,13.303,,,K00017.01
1.0,4.0,13.606629,,,1.9,,,,0.0,5438.0,0.83,,0.0,4.6,330.916,13.102,11.196,12.8673,K2-187
,,12.76220558,,,3.18,,63.86,721.0,,5445.0,0.937,,,4.458,,15.009,,,K01832.02
,,11.082622625,,,48.38,,93.67,793.0,,5831.0,0.922,,,4.503,,16.411,,,K03466.01
,,34.8536903,,,2.4,,17.62,522.0,,5818.0,0.848,,,4.554,,14.876,,,K02012.01
,,5.614892073,,,1192.79,,66631.18,4097.0,,4289.0,35.695,,,1.603,,11.925,,,K06165.01
,,2.345863002,,,1.23,,233.38,997.0,,4769.0,0.714,,,4.622,,15.505,,,K01358.04
,,1.049468616,,,0.84,,14709.49,2808.0,,7479.0,1.667,,,4.162,,12.519,,,K05179.01
,,2.0483755,,,3.19621,,5644.4,,,6858.5,1.57,,,4.2,,,,,1008.01
,,0.845097627,,,0.78,,1496.92,1584.0,,5252.0,0.783,,,4.593,,15.685,,,K06723.01
,,3.289726319,,,1.37,,367.18,1116.0,,5463.0,0.91,,,4.492,,14.866,,,K02111.01
,,85.34092607,,,1177.65,,6.61,409.0,,6004.0,0.898,,,4.522,,15.252,,,K01249.01
,,0.9655766,,,11.5845,,3796.11,2186.0,,7542.0,1.92,,,4.11,,,,,5886.01
,,17.3408735,,,1.43,,76.86,755.0,,5885.0,1.111,,,4.348,,13.642,,,K02711.02
,,4.0548695,,,15.5446864,,316.3120227,1075.5947516,,5326.6,1.01342,,,4.38933,,,,,5675.01
,,8.7960328,,,9.14959,,8.51849,475.0,,3695.0,0.59,,,4.66,,,,,5573.01
,,5.088582739,,,46.02,,2400.3,1786.0,,7514.0,1.955,,,4.052,,13.18,,,K06278.01
,,165.40574995,,,112.86,,16.56,514.0,,6061.0,2.185,,,3.759,,12.724,,,K03528.01
,,0.299697755,,,2.03,,6005.79,2246.0,,5180.0,0.782,,,4.547,,14.828,,,K02875.01
,,5.888835386,,,584.67,,243.87,1008.0,,5780.0,1.0,,,4.438,,12.97,,,K00322.01
,,4.97760447,,,1.75,,258.91,1023.0,,5353.0,1.023,,,4.358,,14.531,,,K01931.01
,,2.921685,,,19.091127,,1458.3996927,1576.1185868,,6332.0,1.37266,,,4.26074,,,,,478.01
,,7.7517472,,,11.6856,,123.828,929.0,,5133.0,4.75,,,,,,,,2667.01
,,25.4805211,,,1.25,,44.67,659.0,,6250.0,0.986,,,4.472,,13.181,,,K05441.01
1.0,1.0,3.850614,,,1.03,,,783.0,0.0,4558.0,0.63,0.66,-0.23,4.65,156.951,13.322,10.613,13.0455,K2-338
,,7.256962446,,,3.53,,432.1,1163.0,,5858.0,1.549,,,4.112,,12.702,,,K00107.01
,,9.60505976,,,0.91,,185.15,941.0,,5790.0,1.198,,,4.279,,9.997,,,K00246.02
,,0.5168347,,,6.597837,,118.6676385,841.7881825,,3274.0,0.273,,,4.9794,,,,,460.01
1.0,0.0,3.40819,,,,,,,0.0,5416.13,0.849526,0.943,0.189,4.55423,377.273,13.451,11.303,13.3096,EPIC 212037403
,,10.9245478,,,1.9015018,,35.242668,621.4224577,,4884.0,0.74413,,,4.49,,,,,461.01
,,2.48658617,,,24.39,,1077.69,1461.0,,5892.0,1.198,,,4.35,,15.418,,,K01448.01
,,22.0459163,,,3.05,,39.69,640.0,,5900.0,0.951,,,4.509,,15.689,,,K01508.01
,,27.04627886,,,3.54,,38.62,636.0,,6332.0,0.915,,,4.516,,14.173,,,K00450.01
,,1.12401084,,,0.61,,2058.79,1719.0,,5941.0,0.911,,,4.519,,14.665,,,K04870.01
1.0,1.0,1.9741954,0.0242,,1.79,,,798.0,0.0,3712.0,0.48,0.51,0.18,4.78,189.289,15.989,12.014,15.3955,K2-104
,,16.2385246,,,2.5121124,,54.9676915,694.4590216,,5740.0,0.952085,,,4.49186,,,,,7458.01
,,40.0306267,,,2.01,,34.19,617.0,,5855.0,1.373,,,4.227,,13.628,,,K02582.01
,,2.7917911,,,6.0002066,,1003.8358436,1435.6065273,,6071.0,1.16271,,,4.36,,,,,1795.01
,,2.1747824,,,1.79105,,174.942,1013.0,,4542.0,0.71,,,4.58,,,,,4533.01
,,37.9962369,,,2.39,,34.55,618.0,,6038.0,1.191,,,4.284,,14.247,,,K00232.04
,,9.72869627,,,42.47,,379.75,1126.0,,6881.0,1.351,,,4.301,,13.542,,,K07885.01
,,598.31791,,,1.27,,0.21,173.0,,5216.0,0.735,,,4.613,,14.415,,,K04998.01
,,1.673662758,,,23.42,,2106.67,1729.0,,6444.0,1.053,,,4.433,,14.576,,,K03894.01
,,0.93373718,,,0.48,,4570.22,2097.0,,6367.0,1.087,,,4.419,,13.685,,,K08010.01
,,14.5728985,,,13.5300683,,248.8553739,1012.9931427,,6025.8,1.76095,,,4.0,,,,,558.01
,,223.52131732,,,,,,,,,,,,,,13.658,,,K05494.01
,,19.7383992,,,1.61,,72.32,744.0,,5903.0,1.156,,,4.3,,13.797,,,K01608.02
,,1.3176767,,,4.16809,,3463.78,2137.0,,7176.0,1.73,,,4.16,,,,,3578.01
,,59.284064,,,1.81,,6.14,401.0,,5225.0,0.859,,,4.505,,15.48,,,K02257.02
,,4.75796103,,,1.7,,835.65,1372.0,,6021.0,1.458,,,4.093,,14.348,,,K01060.02
,,1.246585716,,,81.28,,3709.26,1992.0,,6440.0,1.183,,,4.369,,14.283,,,K06442.01
,,1.231364189,,,5.39,,2005.15,1707.0,,5897.0,0.891,,,4.429,,14.97,,,K01291.01
,,1.75643185,,,0.58,,821.36,1366.0,,5696.0,0.812,,,4.57,,14.529,,,K07494.01
,,21.4618453,,,19.89,,64.17,722.0,,5806.0,1.213,,,4.283,,13.798,,,K03477.01
,,60.0546149,,,5.24,,54.88,694.0,,5242.0,2.917,,,3.606,,13.571,,,K05676.01
,,13.52252364,,,2.11,,42.82,652.0,,5338.0,0.816,,,4.557,,13.895,,,K01825.01
,,2.5079177,,,14.717643,,2704.955558,1839.3305452,,6207.39,1.72725,,,4.03891,,,,,6017.01
,,1.466535757,,,4.28,,1849.31,1671.0,,5888.0,1.02,,,4.387,,15.446,,,K03874.01
,,2.76676,,,12.2867389,,505.8840075,1209.5741229,,5346.0,0.984866,,,4.48823,,,,,109.01
,,5.433132902,,,1.61,,118.56,841.0,,4963.0,0.826,,,4.501,,14.55,,,K00520.02
,,1.4015183,,,1.4616853,,149.3747543,891.6389885,,3794.0,0.597007,,,4.67812,,,,,134.01
,,29.92208104,,,3.09,,88.52,782.0,,6127.0,1.637,,,4.055,,13.377,,,K01943.01
,,15.2664658,,,12.2663968,,42.2986706,650.4312952,,5420.82,0.874078,,,4.52994,,,,,4515.01
,,40.0389613,,,0.95,,16.85,517.0,,5701.0,0.903,,,4.437,,13.699,,,K05507.01
,,4.4697452,,,2.43,,574.11,1248.0,,6102.0,1.125,,,4.316,,13.726,,,K04083.01
1.0,3.0,14.647531,,,2.6,,,,0.0,5724.0,1.1,,-0.22,4.5,369.888,13.096,11.487,12.9682,EPIC 206024342
,,2.7567395,,,13.8044661,,1225.5263733,1509.0388299,,6034.0,1.28427,,,4.26998,,,,,2386.01
,,480.03759,,,1.14,,0.03,109.0,,3622.0,0.43,,,4.826,,15.644,,,K07568.01
,,1.8555745,,,14.8951809,,2077.5291591,1721.8944712,,5651.75,1.40959,,,4.13988,,,,,4428.01
,,8.30792,,,43.1068,,2276.25,1924.0,,9081.0,3.05,,,3.83,,,,,1041.01
,,2.325185422,,,81.88,,46102.7,3738.0,,11076.0,2.896,,,3.989,,10.052,,,K06780.01
,,11.8288843,,,1.18,,67.13,730.0,,5653.0,0.857,,,4.551,,15.228,,,K02768.01
,,10.72396374,,,39.84,,88.64,783.0,,5582.0,0.905,,,4.445,,15.613,,,K01351.01
,,7.15681552,,,2.47,,88.23,782.0,,5029.0,0.838,,,4.494,,15.46,,,K00906.01
,,4.5696698,,,13.0582928,,616.12218,1270.6807784,,6122.0,1.28306,,,4.283,,,,,657.01
,,13.0600399,,,0.8,,37.3,630.0,,5168.0,0.769,,,4.566,,13.942,,,K02498.02
,,7.7942155,,,4.9169842,,112.1124314,829.914194,,5461.54,0.897403,,,4.50982,,,,,4467.01
,,18.74072534,,,35.61,,62.46,717.0,,6122.0,0.996,,,4.471,,15.861,,,K07311.01
,,15.1622287,,,3.12,,111.74,829.0,,6325.0,1.112,,,4.409,,15.212,,,K02433.01
,,3.3969441,,,14.4039682,,840.3890897,1373.2191493,,5864.0,1.27071,,,4.26,,,,,295.01
,,4.17939037,,,1.52,,478.98,1194.0,,5633.0,1.162,,,4.296,,14.927,,,K03019.01
,,8.268081087,,,50.31,,130.83,863.0,,5749.0,0.922,,,4.502,,15.768,,,K03584.01
1.0,0.0,4.5417,,,,,,,0.0,2897.0,0.641751,0.620907,,4.61636,,,10.76,15.6318,EPIC 203868608
,,21.37831102,,,97.23,,300.32,1062.0,,4905.0,3.484,,,3.3,,13.998,,,K06537.01
,,39.6766071,,,2.29,,11.85,473.0,,5244.0,0.888,,,4.449,,14.405,,,K00577.01
,,18.8016111,,,1.9112282,,2.6636757,325.8292621,,3618.0,0.435666,,,4.79432,,,,,1266.02
,,4.1470359,,,8.6285404,,90.5320647,786.7202987,,4247.0,0.775548,,,4.47839,,,,,6720.01
,,16.6542431,,,11.9082,,362.642,1215.0,,6054.0,1.08,,,4.43,,,,,2449.01
,,5.48990788,,,23.6,,275.65,1039.0,,5982.0,0.96,,,4.493,,15.03,,,K01098.01
,,5.3220505,,,17.1038087,,995.3724127,1432.5709808,,6030.0,1.95757,,,4.09435,,,,,828.01
,,13.8452726,,,2.34,,626.93,1276.0,,6845.0,2.324,,,3.89,,12.632,,,K04191.01
,,6.90522317,,,4.54,,768.55,1343.0,,6596.0,1.721,,,4.135,,13.502,,,K01983.01
,,24.238241803,,,102.31,,93.68,793.0,,6457.0,1.365,,,4.259,,10.816,,,K02938.01
,,4.98845099,,,1.33,,292.71,1055.0,,5695.0,0.961,,,4.411,,15.331,,,K02567.01
,,2.507089906,,,30.26,,730.47,1326.0,,5926.0,0.939,,,4.506,,15.555,,,K00828.01
,,2.543063763,,,1.26,,716.3,1319.0,,5579.0,1.029,,,4.389,,14.736,,,K02103.01
,,4.446459958,,,36.15,,265.42,1030.0,,5615.0,0.893,,,4.504,,14.735,,,K07409.01
,,4.8420438,,,1.6177405,,183.6641995,938.9141348,,5300.0,0.846387,,,4.56,,,,,1347.02
,,2.617280959,,,395.94,,1918.98,1689.0,,6432.0,1.345,,,4.207,,13.306,,,K03741.01
,,539.214259,,,2.04,,1.17,265.0,,6469.0,1.171,,,4.359,,13.803,,,K08255.01
,,321.2124365,,,7.25,,2.17,310.0,,6018.0,1.286,,,4.257,,13.709,,,K01375.01
,,21.926779,,,1.26,,34.52,618.0,,5853.0,0.868,,,4.544,,15.407,,,K06452.01
,,2.2920348,,,13.2497142,,1637.2058065,1622.3537935,,6208.0,1.26526,,,4.31,,,,,1915.01
,,3.25058201,,,1.19,,202.09,962.0,,5001.0,0.76,,,4.582,,14.194,,,K00505.03
,,0.609125246,,,0.96,,3049.07,1896.0,,5595.0,0.796,,,4.581,,15.64,,,K07412.01
,,375.17737,,,3.64,,1.15,264.0,,6089.0,1.024,,,4.468,,15.92,,,K08110.01
,,6.3762199,,,,,168.45,,,,,,,,,15.822,,,K06340.01
,,13.12162167,,,1.99,,164.48,913.0,,6140.0,1.277,,,4.265,,12.992,,,K02053.01
,,0.527698548,,,29.35,,4500.53,2088.0,,5638.0,0.903,,,4.529,,14.082,,,K07985.01
,,2.8753183,,,11.1331,,85.1168,846.0,,4604.0,0.68,,,4.64,,,,,5096.01
,,7.1335149,,,10.478658,,64.4593609,722.6720336,,4775.0,0.789877,,,4.60305,,,,,822.01
,,15.72585941,,,2.69,,31.13,602.0,,5332.0,0.755,,,4.597,,16.144,,,K02115.01
,,53.5783052,,,1.16,,3.82,357.0,,4856.0,0.705,,,4.624,,12.879,,,K02173.02
,,60.2976774,,,63.57,,12.63,481.0,,5995.0,0.977,,,4.434,,15.68,,,K07498.01
,,2.05388477,,,2.74,,1271.11,1523.0,,5632.0,1.176,,,4.282,,15.269,,,K01425.01
,,0.9414525,,,15.342,,4266.74,2251.0,,6400.0,1.35,,,4.36583,,,,,185.01
,,2.9036816,,,14.913823,,3384.6096881,1945.3461862,,6059.0,2.14325,,,3.92334,,,,,388.01
,,49.2768448,,,1.75,,1.28,271.0,,3899.0,0.529,,,4.713,,15.855,,,K03282.01
,,11.0701242,,,,,,,,,,,,,,,,,3372.01
,,0.571940563,,,1.88,,28727.59,3320.0,,5827.0,2.286,,,3.74,,12.557,,,K02831.01
1.0,0.0,2.044175,,,,,,,0.0,5480.16,2.49927,0.96,-0.5084,3.62471,1152.34,13.772,11.669,13.3243,EPIC 211644647
,,11.08507658,,,2.5,,46.17,665.0,,5080.0,0.793,,,4.538,,15.938,,,K02362.02
,,0.692807507,,,46.44,,4211.9,2057.0,,5780.0,1.0,,,4.438,,15.726,,,K06095.01
,,42.4729078,,,2.03,,19.93,539.0,,5616.0,1.111,,,4.327,,14.601,,,K01952.04
,,36.4337867,,,2.2,,23.35,561.0,,5566.0,1.099,,,4.329,,15.246,,,K03348.01
,,17.4682298,,,2.17884,,24.3644,618.0,,5499.0,0.76,,,4.39962,,,,,757.01
,,0.933728196,,,0.85,,3826.49,2006.0,,6170.0,1.032,,,4.43,,15.317,,,K07332.01
,,4.393157678,,,1.41,,99.9,807.0,,4799.0,0.692,,,4.631,,14.023,,,K00490.01
,,,,,8.9205086,,138.5753642,875.0669002,,6184.0,1.42864,,,4.20121,,,,,4581.02
,,118.3786735,,,3.4,,4.75,376.0,,5657.0,1.046,,,4.364,,13.709,,,K00157.05
,,1.764534,,,23.84,,3379.0,2124.0,,6479.0,1.2,,,4.4,,,,,3566.01
,,7.814839231,,,5.33,,156.74,903.0,,5887.0,0.931,,,4.499,,15.452,,,K01125.01
,,4.880964,,,9.7354897,,626.1274546,1275.8083387,,6309.0,1.27132,,,4.32298,,,,,2641.01
,,7.363572395,,,82.22,,649.25,1287.0,,6793.0,1.508,,,4.208,,13.102,,,K06317.01
,,14.07969236,,,2.08,,177.81,931.0,,5821.0,1.547,,,4.097,,12.261,,,K02032.01
,,1.3888584,,,0.9650619,,31.5257386,604.3465776,,3300.0,0.256456,,,4.97775,,,,,6086.01
,,3.722158895,,,2.33,,283.28,1046.0,,5617.0,0.806,,,4.574,,14.911,,,K00585.01
,,302.38867822,,,40.73,,0.76,238.0,,5328.0,0.857,,,4.499,,14.041,,,K01137.01
,,9.080194398,,,76.4,,248.49,1013.0,,6461.0,1.131,,,4.396,,15.163,,,K07274.01
,,31.024310431,,,93.29,,88.89,783.0,,6011.0,1.741,,,3.998,,12.512,,,K06373.01
,,11.89520436,,,1.33,,90.77,787.0,,5649.0,0.992,,,4.411,,14.152,,,K02246.01
,,5.017239915,,,41.75,,538.77,1229.0,,6519.0,1.079,,,4.41,,14.115,,,K03548.01
,,6.8733768,,,14.6161809,,1219.9812607,1507.3289471,,6014.0,2.3646801,,,3.73585,,,,,7457.01
,,6.2586065,,,2.51593,,232.392,1087.0,,5729.0,0.98,,,4.47,,,,,1136.02
,,601.13797,,,1.81,,0.99,254.0,,5786.0,1.388,,,4.155,,13.17,,,K05395.01
,,2.6915408,,,17.4501,,4392.03,2267.0,,6955.0,1.96,,,4.04,,,,,4486.01
,,473.95103,,,3.32,,3.21,341.0,,6513.0,1.81,,,4.02,,13.978,,,K04920.01
,,1.595630597,,,17.94,,778.05,1346.0,,5632.0,0.729,,,4.616,,15.112,,,K02429.01
,,25.0571312,,,3.2396838,,53.1389289,688.6094029,,5696.0,1.15281,,,4.26563,,,,,1230.01
,,1.877878538,,,0.78,,1977.35,1701.0,,6324.0,1.115,,,4.352,,13.295,,,K02805.01
,,10.2150168,,,1.4777754,,7.4195034,420.9334696,,3763.0,0.447336,,,4.83739,,,,,198.01
,,15.0367776,,,8.02,,4.96,381.0,,3729.0,0.514,,,4.733,,15.665,,,K03090.02
,,3.06555,,,5.41363,,1605.05,1763.0,,5285.0,0.71,,,4.7,,,,,2240.01
,,28.580474,,,3.1455035,,20.8500726,545.0001759,,5555.7,0.920435,,,4.49,,,,,1339.02
1.0,2.0,3.67626,0.0405,,1.99,,,715.0,0.0,4097.0,0.63,0.65,0.21,4.65,129.356,13.861,10.368,13.3173,K2-154
,,3.0911721,,,1.666703,,295.0992437,1057.0895356,,5253.0,0.834386,,,4.54958,,,,,2211.01
,,6.83440674,,,1.01,,38.68,636.0,,4498.0,0.635,,,4.661,,13.256,,,K02693.03
,,94.38163,,,2.04,,19.72,537.0,,5221.0,2.067,,,3.72,,12.409,,,K06131.02
,,15.60862948,,,39.42,,41.71,648.0,,5569.0,0.829,,,4.566,,15.466,,,K03327.01
,,2.53021,,,41.44,,1338.82,1543.0,,5780.0,1.296,,,4.178,,12.294,,,K05713.01
,,1.606003121,,,360.08,,30041.73,3359.0,,5297.0,5.059,,,2.909,,14.194,,,K04982.01
1.0,2.0,42.3391,,0.07,7.5,15.4,,,1.0,5625.0,1.16,1.07,0.34,4.29,170.562,11.275,9.18,10.9072,K2-24
,,8.34998,,,11.1424,,19.9348,588.0,,4236.0,0.74,,,4.52,,,,,1130.01
,,7.11373257,,,1.16,,8.01,429.0,,3561.0,0.411,,,4.855,,15.234,,,K00899.01
,,1.58826263,,,0.47,,130.67,862.0,,3931.0,0.544,,,4.717,,15.455,,,K07166.01
,,1.332562787,,,29.1,,1983.27,1703.0,,6091.0,0.967,,,4.487,,15.952,,,K03064.01
,,81.1701587,,,4.71,,8.55,436.0,,5460.0,1.165,,,4.263,,14.499,,,K00536.01
,,38.505224,,,2.45,,18.98,532.0,,5974.0,0.881,,,4.504,,14.777,,,K01997.01
,,2.14056,,,1.83828,,316.156,1174.0,,4567.0,0.84,,,4.39,,,,,1348.01
,,17.58751692,,,4.03,,58.6,706.0,,5433.0,1.107,,,4.302,,14.743,,,K00460.01
,,190.65896,,,2.54,,1.46,281.0,,5508.0,0.835,,,4.549,,15.043,,,K05453.01
,,24.2833782,,,5.21152,,30.5138,654.0,,5675.0,0.98,,,4.46,,,,,1710.01
,,1.89131005,,,6.4,,1507.16,1590.0,,5706.0,1.12,,,4.255,,15.157,,,K04071.01
,,29.5390897,,,2.51,,61.49,714.0,,6572.0,1.238,,,4.365,,15.111,,,K01659.01
,,4.57948235,,,1.35,,276.82,1040.0,,5569.0,0.954,,,4.459,,15.198,,,K02183.02
,,45.3965379,,,1.97,,2.66,326.0,,4266.0,0.643,,,4.626,,15.984,,,K03285.01
,,0.668483615,,,29.53,,2642.17,1832.0,,5546.0,0.81,,,4.575,,15.905,,,K01286.01
,,5.36777,,,14.2607,,747.132,1456.0,,6561.0,1.72,,,4.1,,,,,338.01
,,11.30123036,,,1.85,,124.42,852.0,,5730.0,1.122,,,4.34,,14.981,,,K01212.01
,,6.7900981,,,9.7548481,,477.5289979,1192.2564672,,6378.0,2.00068,,,4.438,,,,,1267.01
,,1.58742695,,,37.64,,3023.98,1893.0,,6440.0,1.241,,,4.313,,13.296,,,K07423.01
,,4.3744614,,,6.4637765,,419.4378829,1154.2148636,,5677.0,1.11563,,,4.34735,,,,,6269.01
,,24.70361995,,,30.13,,10.99,464.0,,5030.0,0.65,,,4.665,,15.517,,,K06901.01
,,361.901618,,,0.95,,0.37,198.0,,5053.0,0.717,,,4.603,,12.673,,,K08094.01
,,2.514628496,,,1.27,,517.89,1217.0,,5662.0,0.84,,,4.56,,14.325,,,K01965.01
1.0,0.0,5.489456,,,,,,,0.0,5151.0,3.27338,,,,1869.17,14.371,11.894,14.1039,EPIC 212171851
,,73.506021,,,2.37,,11.66,471.0,,6215.0,1.052,,,4.44,,15.42,,,K03372.02
,,4.02877097,,,1.21,,699.45,1311.0,,6052.0,1.202,,,4.285,,13.268,,,K02722.03
,,4.06269,,,,,,,,,,,,,,,,,962.01
,,9.8786461,,,1.6,,5.65,393.0,,3609.0,0.422,,,4.843,,13.496,,,K01725.01
,,10.8484518,,,2.34,,14.66,499.0,,4201.0,0.591,,,4.682,,15.058,,,K00912.01
,,47.4497134,,,1.61,,21.82,551.0,,6007.0,1.126,,,4.353,,14.089,,,K02964.01
,,34.9897847,,,1.14,,1.71,292.0,,3765.0,0.521,,,4.725,,15.987,,,K02650.01
,,360.76458,,,60.3,,0.52,216.0,,5513.0,0.724,,,4.616,,14.659,,,K04079.01
1.0,0.0,0.595667,,,,,,,0.0,,,,,,,14.993,13.243,14.8268,EPIC 211759163
,,0.952371227,,,21.96,,2885.01,1870.0,,6086.0,0.921,,,4.511,,15.868,,,K04171.01
1.0,0.0,2.58148,,,5.38,,,,0.0,4076.0,0.757718,0.64,,4.48523,291.948,15.138,11.868,14.6831,EPIC 212572452
,,8.8109721,,,47.94,,142.58,881.0,,5780.0,1.0,,,4.438,,18.533,,,K04035.01
,,6.41491277,,,1.4,,309.12,1069.0,,5931.0,1.101,,,4.322,,11.818,,,K00284.02
,,1.882438182,,,74.77,,2589.75,1818.0,,6322.0,1.213,,,4.211,,13.68,,,K07207.01
,,7.46662068,,,1.65,,401.08,1141.0,,5966.0,1.499,,,4.169,,13.749,,,K00671.02
,,2.1779407,,,1.28228,,759.183,1462.0,,5801.89,1.26,,,4.25132,,,,,1462.01
,,19.65639342,,,2.83,,21.5,549.0,,5288.0,0.74,,,4.613,,15.372,,,K01591.01
,,1.332568744,,,0.58,,3346.25,1941.0,,6620.0,1.081,,,4.411,,11.834,,,K03205.01
,,40.8777605,,,29.55,,18.15,526.0,,5930.0,0.937,,,4.489,,15.59,,,K02434.01
,,4.27226421,,,0.64,,218.63,981.0,,5450.0,0.842,,,4.563,,12.404,,,K02169.03
,,0.6856225,,,3.35129,,2492.49,1968.0,,5829.0,1.06,,,4.41,,,,,2173.01
,,25.2218929,,,,,101.29,,,,,,,,,11.941,,,K04956.01
,,1.6212474,,,10.3122,,1846.95,1826.0,,4949.0,3.11,,,,,,,,3986.01
,,2.20829637,,,1.36,,2016.25,1709.0,,6028.0,1.454,,,4.189,,15.201,,,K04267.01
,,10.63609504,,,1.36,,66.5,728.0,,5546.0,0.81,,,4.575,,15.091,,,K02892.01
,,3.546531809,,,2.18,,510.26,1212.0,,5993.0,0.986,,,4.489,,15.934,,,K01363.01
,,1.23521458,,,0.93,,2032.78,1713.0,,5999.0,0.959,,,4.494,,15.637,,,K04688.01
,,1.926888595,,,1.31,,1622.18,1619.0,,6268.0,1.1,,,4.429,,14.809,,,K03121.01
,,2.1263167,,,22.1075367,,6216.4494671,2264.6722133,,6361.4,2.2823701,,,3.83,,,,,3733.01
,,3.60364,,,14.1007,,2312.7,1931.0,,6896.7,1.62,,,4.17,,,,,425.01
,,1.890227354,,,42.05,,551.66,1236.0,,5356.0,0.78,,,4.589,,15.569,,,K07121.01
1.0,1.0,6.53044,0.0619,,2.07,,98.0,,0.0,5312.0,0.726,0.741,,4.576,499.891,14.132,12.201,13.9146,K2-64
,,3.1260778,,,10.9257115,,328.1564535,1085.5253926,,5100.0,0.874706,,,4.4651,,,,,229.01
,,7.51509713,,,1.23,,51.99,685.0,,4867.0,0.696,,,4.63,,15.52,,,K07227.01
,,1.049406508,,,27.45,,137177.82,4913.0,,4745.0,13.417,,,2.425,,12.387,,,K05187.01
,,191.239133,,,6.47,,6.14,401.0,,5597.0,1.699,,,3.963,,14.6,,,K01574.02
,,0.566794934,,,1.15,,8648.94,2457.0,,6395.0,1.049,,,4.436,,14.944,,,K06822.01
,,1.89129881,,,0.86,,944.68,1414.0,,5806.0,0.893,,,4.507,,13.911,,,K04003.01
,,6.99205021,,,1.06,,479.87,1194.0,,6057.0,1.467,,,4.139,,10.787,,,K02801.01
,,17.60461401,,,2.64,,4.07,362.0,,3744.0,0.516,,,4.737,,15.613,,,K00252.01
,,2.531140101,,,32.12,,346.06,1100.0,,5325.0,0.75,,,4.607,,15.209,,,K03866.01
,,6.80243431,,,2.6,,151.72,895.0,,5836.0,0.816,,,4.561,,15.188,,,K02435.01
,,3.003901,,,16.7208629,,1512.6541471,1590.5768607,,6052.0,1.50633,,,4.1353,,,,,6001.01
,,3.566276,,,20.2251,,1949.16,1851.0,,6831.4,3.17,,,3.61,,,,,1712.01
,,0.790539912,,,1.24,,1200.65,1502.0,,4791.0,0.767,,,4.541,,14.864,,,K02644.01
1.0,1.0,2.69828,0.0338,,1.21,,,914.0,0.0,4715.0,0.65,0.71,-0.25,4.66,129.46,13.028,10.324,12.6527,K2-228
,,3.3207642,,,3.02356,,586.762,1371.0,,6142.0,0.95,,,4.55,,,,,4155.01
,,88.40678718,,,4.55,,6.65,410.0,,5611.0,1.073,,,4.388,,12.16,,,K01792.01
,,10.8458712,,,21.6846,,878.752,1516.0,,6670.3,2.56,,,4.29,,,,,1946.01
,,0.824851807,,,78.0,,9801.46,2539.0,,5658.0,1.654,,,3.903,,12.372,,,K07100.01
,,16.06864674,,,5.76,,30.75,600.0,,5031.0,0.848,,,4.485,,15.841,,,K00757.01
,,11.0153889,,,65.27,,284.63,1047.0,,5515.0,1.678,,,3.899,,14.333,,,K05672.01
,,2.496328637,,,112.28,,6804.42,2317.0,,6757.0,2.615,,,3.842,,11.211,,,K07103.01
,,2.555332,,,20.5128,,4328.46,2259.0,,6454.0,2.48,,,3.77,,,,,1815.01
,,15.53753378,,,40.9,,54.73,694.0,,5704.0,0.868,,,4.476,,14.875,,,K06773.01
,,0.708726708,,,0.92,,684.35,1302.0,,4607.0,0.515,,,4.733,,15.986,,,K04841.01
,,0.811390968,,,14.74,,153237.23,5043.0,,4994.0,12.487,,,2.682,,11.817,,,K06896.01
,,5.547485,,,11.48,,3368.08,2122.0,,7397.0,2.04,,,4.1,,,,,1888.01
1.0,0.0,0.678473,,,,,,,0.0,5744.27,1.5871,1.03,-0.279,4.0497,1862.01,15.25,13.693,15.1204,EPIC 251393916
,,12.4128518,,,1.5,,179.24,933.0,,5945.0,1.346,,,4.196,,13.539,,,K02488.01
,,92.436978,,,2.89,,3.46,348.0,,5595.0,0.741,,,4.606,,15.449,,,K03407.01
,,27.659607786,,,50.7,,14.66,499.0,,5310.0,0.768,,,4.593,,14.706,,,K05738.01
,,4.737713268,,,29.25,,143.54,882.0,,5335.0,0.719,,,4.624,,14.176,,,K07433.01
,,3.735993484,,,571.07,,4283.18,2063.0,,5467.0,4.055,,,3.432,,13.93,,,K06556.01